Workbook

Sheet Vista general
A1: Carros | B1: =COUNTA(Carros!A4:A34) -> 28 | E1: Selección aleatoria carros
A2: Consumo total | B2: =SUM(Caravana!G4:G34)+SUM('Lista Bestias Carga'!G2:G25) -> 126 | E2: 1 | F2: {=INDEX(Caravana!$A$4:$A$100,RANDBETWEEN(1,$B$1),1)} -> Mercancías Punta Arena | G2: 29 | H2: {=INDEX(Caravana!$A$4:$A$100,RANDBETWEEN(1,$B$1),1)} -> Huerto Hagorsson
A3: Viajeros | B3: =COUNTA(Viajeros!A3:A102) -> 80 | E3: 2 | F3: {=INDEX(Caravana!$A$4:$A$100,RANDBETWEEN(1,$B$1),1)} -> Suministros 2 | G3: 30 | H3: {=INDEX(Caravana!$A$4:$A$100,RANDBETWEEN(1,$B$1),1)} -> Mercancías Kalsgard
A4: Viajeros transportados | B4: =CONCAT(CONCAT(SUM(Caravana!H4:H34),"/"),SUM(Caravana!I4:I34)) -> 78/117 | E4: 3 | F4: {=INDEX(Caravana!$A$4:$A$100,RANDBETWEEN(1,$B$1),1)} -> Mercancías Hierro | G4: 31 | H4: {=INDEX(Caravana!$A$4:$A$100,RANDBETWEEN(1,$B$1),1)} -> Familias Kalsgard
E5: 4 | F5: {=INDEX(Caravana!$A$4:$A$100,RANDBETWEEN(1,$B$1),1)} -> Huerto 2 | G5: 32 | H5: {=INDEX(Caravana!$A$4:$A$100,RANDBETWEEN(1,$B$1),1)} -> Real
A6: Bestias | B6: =SUM('Lista Bestias Carga'!E2:E25) -> 63 | E6: 5 | F6: {=INDEX(Caravana!$A$4:$A$100,RANDBETWEEN(1,$B$1),1)} -> Viajeros 2 | G6: 33 | H6: {=INDEX(Caravana!$A$4:$A$100,RANDBETWEEN(1,$B$1),1)} -> Viajeros 1
A7: Salario | B7: =SUM(Viajeros!H3:H102) -> 347 | E7: 6 | F7: {=INDEX(Caravana!$A$4:$A$100,RANDBETWEEN(1,$B$1),1)} -> Huerto 2 | G7: 34 | H7: {=INDEX(Caravana!$A$4:$A$100,RANDBETWEEN(1,$B$1),1)} -> Viajeros 2
E8: 7 | F8: {=INDEX(Caravana!$A$4:$A$100,RANDBETWEEN(1,$B$1),1)} -> Viajeros 1 | G8: 35 | H8: {=INDEX(Caravana!$A$4:$A$100,RANDBETWEEN(1,$B$1),1)} -> Viajeros 3
E9: 8 | F9: {=INDEX(Caravana!$A$4:$A$100,RANDBETWEEN(1,$B$1),1)} -> Taller | G9: 36 | H9: {=INDEX(Caravana!$A$4:$A$100,RANDBETWEEN(1,$B$1),1)} -> Suministros 2
E10: 9 | F10: {=INDEX(Caravana!$A$4:$A$100,RANDBETWEEN(1,$B$1),1)} -> Prisioneros | G10: 37 | H10: {=INDEX(Caravana!$A$4:$A$100,RANDBETWEEN(1,$B$1),1)} -> Suministros 1
E11: 10 | F11: {=INDEX(Caravana!$A$4:$A$100,RANDBETWEEN(1,$B$1),1)} -> Viajeros 4 | G11: 38 | H11: {=INDEX(Caravana!$A$4:$A$100,RANDBETWEEN(1,$B$1),1)} -> Viajeros 4
E12: 11 | F12: {=INDEX(Caravana!$A$4:$A$100,RANDBETWEEN(1,$B$1),1)} -> Suministros 2 | G12: 39 | H12: {=INDEX(Caravana!$A$4:$A$100,RANDBETWEEN(1,$B$1),1)} -> Viajeros 3
E13: 12 | F13: {=INDEX(Caravana!$A$4:$A$100,RANDBETWEEN(1,$B$1),1)} -> Mercancías Hierro | G13: 40 | H13: {=INDEX(Caravana!$A$4:$A$100,RANDBETWEEN(1,$B$1),1)} -> Familias Kalsgard
E14: 13 | F14: {=INDEX(Caravana!$A$4:$A$100,RANDBETWEEN(1,$B$1),1)} -> Bar sin límites | G14: 41 | H14: {=INDEX(Caravana!$A$4:$A$100,RANDBETWEEN(1,$B$1),1)} -> Viajeros grande
E15: 14 | F15: {=INDEX(Caravana!$A$4:$A$100,RANDBETWEEN(1,$B$1),1)} -> Bar sin límites | G15: 42 | H15: {=INDEX(Caravana!$A$4:$A$100,RANDBETWEEN(1,$B$1),1)} -> Viajeros 5
E16: 15 | F16: {=INDEX(Caravana!$A$4:$A$100,RANDBETWEEN(1,$B$1),1)} -> Huerto 1 | G16: 43 | H16: {=INDEX(Caravana!$A$4:$A$100,RANDBETWEEN(1,$B$1),1)} -> Koya
E17: 16 | F17: {=INDEX(Caravana!$A$4:$A$100,RANDBETWEEN(1,$B$1),1)} -> Koya | G17: 44 | H17: {=INDEX(Caravana!$A$4:$A$100,RANDBETWEEN(1,$B$1),1)} -> Viajeros 2
E18: 17 | F18: {=INDEX(Caravana!$A$4:$A$100,RANDBETWEEN(1,$B$1),1)} -> Cómodo 2 | G18: 45 | H18: {=INDEX(Caravana!$A$4:$A$100,RANDBETWEEN(1,$B$1),1)} -> Viajeros 4
E19: 18 | F19: {=INDEX(Caravana!$A$4:$A$100,RANDBETWEEN(1,$B$1),1)} -> Huerto 1 | G19: 46 | H19: {=INDEX(Caravana!$A$4:$A$100,RANDBETWEEN(1,$B$1),1)} -> Mercancías Hierro
... E29: 28 | F29: {=INDEX(Caravana!$A$4:$A$100,RANDBETWEEN(1,$B$1),1)} -> Viajeros 3 | G29: 56 | H29: {=INDEX(Caravana!$A$4:$A$100,RANDBETWEEN(1,$B$1),1)} -> Suministros 1

Sheet Caravana
A1: Carro | C1: Resistencia | F1: Tiro | G1: Consumo total | H1: Pasajeros | J1: Carga | L1: Extra
C2: PG | E2: Dureza
A3: Nombre | B3: Tipo | C3: Daño | D3: Máximo | H3: Ocupado | I3: Máximo | J3: Ocupado | K3: Máximo
A4: =Carros!A4 -> Viajeros 1 | B4: =Carros!B4 -> Carro de viajeros | C4: 0 | D4: =Carros!D4 -> 60 | E4: =Carros!G4 -> 5 | F4: =Tiro!D2 -> SUPERA | G4: =Carros!P4+Hospedaje!D2 -> 10 | H4: =Hospedaje!C2 -> 8 | I4: =Hospedaje!B2 -> 8 | J4: =Carga!C2 -> 4 | K4: =Carga!B2 -> 5 | L4: =IFERROR(VLOOKUP(B4,'Lista Carros'!$A$3:$K$26,11,False),"") -> Otorga +1 CA a la caravana
A5: =Carros!A5 -> Viajeros 2 | B5: =Carros!B5 -> Carro de viajeros | C5: 0 | D5: =Carros!D5 -> 60 | E5: =Carros!G5 -> 5 | F5: =Tiro!D3 -> SUPERA | G5: =Carros!P5+Hospedaje!D3 -> 9 | H5: =Hospedaje!C3 -> 7 | I5: =Hospedaje!B3 -> 8 | J5: =Carga!C3 -> 3 | K5: =Carga!B3 -> 5 | L5: =IFERROR(VLOOKUP(B5,'Lista Carros'!$A$3:$K$26,11,False),"") -> Otorga +1 CA a la caravana
A6: =Carros!A6 -> Viajeros 3 | B6: =Carros!B6 -> Carro de viajeros | C6: 0 | D6: =Carros!D6 -> 60 | E6: =Carros!G6 -> 5 | F6: =Tiro!D4 -> SUPERA | G6: =Carros!P6+Hospedaje!D4 -> 9 | H6: =Hospedaje!C4 -> 7 | I6: =Hospedaje!B4 -> 8 | J6: =Carga!C4 -> 3 | K6: =Carga!B4 -> 5 | L6: =IFERROR(VLOOKUP(B6,'Lista Carros'!$A$3:$K$26,11,False),"") -> Otorga +1 CA a la caravana
A7: =Carros!A7 -> Viajeros 4 | B7: =Carros!B7 -> Carro de viajeros | C7: 0 | D7: =Carros!D7 -> 60 | E7: =Carros!G7 -> 5 | F7: =Tiro!D5 -> SUPERA | G7: =Carros!P7+Hospedaje!D5 -> 9 | H7: =Hospedaje!C5 -> 7 | I7: =Hospedaje!B5 -> 8 | J7: =Carga!C5 -> 4 | K7: =Carga!B5 -> 5 | L7: =IFERROR(VLOOKUP(B7,'Lista Carros'!$A$3:$K$26,11,False),"") -> Otorga +1 CA a la caravana
A8: =Carros!A8 -> Viajeros 5 | B8: =Carros!B8 -> Carro de viajeros | C8: 0 | D8: =Carros!D8 -> 60 | E8: =Carros!G8 -> 5 | F8: =Tiro!D6 -> SUPERA | G8: =Carros!P8+Hospedaje!D6 -> 8 | H8: =Hospedaje!C6 -> 6 | I8: =Hospedaje!B6 -> 8 | J8: =Carga!C6 -> 4 | K8: =Carga!B6 -> 5 | L8: =IFERROR(VLOOKUP(B8,'Lista Carros'!$A$3:$K$26,11,False),"") -> Otorga +1 CA a la caravana
A9: =Carros!A9 -> Prisioneros | B9: =Carros!B9 -> Carro de prisioneros | C9: 9 | D9: =Carros!D9 -> 60 | E9: =Carros!G9 -> 5 | F9: =Tiro!D7 -> SUPERA | G9: =Carros!P9+Hospedaje!D7 -> 2 | H9: =Hospedaje!C7 -> 0 | I9: =Hospedaje!B7 -> 10 | J9: =Carga!C7 -> 0 | K9: =Carga!B7 -> 2 | L9: =IFERROR(VLOOKUP(B9,'Lista Carros'!$A$3:$K$26,11,False),"") -> Otorga +2 a la Seguridad de la caravana
A10: =Carros!A10 -> Zoo | B10: =Carros!B10 -> Carro zoológico | C10: 0 | D10: =Carros!D10 -> 60 | E10: =Carros!G10 -> 5 | F10: =Tiro!D8 -> SUPERA | G10: =Carros!P10+Hospedaje!D8 -> 3 | H10: =Hospedaje!C8 -> 8.5 | I10: =Hospedaje!B8 -> 10 | J10: =Carga!C8 -> 0 | K10: =Carga!B8 -> 2 | L10: =IFERROR(VLOOKUP(B10,'Lista Carros'!$A$3:$K$26,11,False),"") -> No puede llevar humanoides
A11: =Carros!A11 -> Familias Kalsgard | B11: =Carros!B11 -> Carruaje familiar | C11: 0 | D11: =Carros!D11 -> 60 | E11: =Carros!G11 -> 5 | F11: =Tiro!D9 -> SUPERA | G11: =Carros!P11+Hospedaje!D9 -> 10 | H11: =Hospedaje!C9 -> 6.5 | I11: =Hospedaje!B9 -> 6 | J11: =Carga!C9 -> 0 | K11: =Carga!B9 -> 5 | L11: =IFERROR(VLOOKUP(B11,'Lista Carros'!$A$3:$K$26,11,False),"") -> Criaturas pequeñas cuentan como ½
A12: =Carros!A12 -> Mercancías Hierro | B12: =Carros!B12 -> Carro de mercancías | C12: 0 | D12: =Carros!D12 -> 60 | E12: =Carros!G12 -> 5 | F12: =Tiro!D10 -> SUPERA | G12: =Carros!P12+Hospedaje!D10 -> 1 | H12: =Hospedaje!C10 -> 0 | I12: =Hospedaje!B10 -> 1 | J12: =Carga!C10 -> 12 | K12: =Carga!B10 -> 13 | L12: =IFERROR(VLOOKUP(B12,'Lista Carros'!$A$3:$K$26,11,False),"")
A13: =Carros!A13 -> Mercancías General | B13: =Carros!B13 -> Carro de mercancías | C13: 3 | D13: =Carros!D13 -> 60 | E13: =Carros!G13 -> 5 | F13: =Tiro!D11 -> SUPERA | G13: =Carros!P13+Hospedaje!D11 -> 1 | H13: =Hospedaje!C11 -> 0 | I13: =Hospedaje!B11 -> 1 | J13: =Carga!C11 -> 13 | K13: =Carga!B11 -> 13 | L13: =IFERROR(VLOOKUP(B13,'Lista Carros'!$A$3:$K$26,11,False),"")
A14: =Carros!A14 -> Mercancías Punta Arena | B14: =Carros!B14 -> Carro de mercancías | C14: 1 | D14: =Carros!D14 -> 60 | E14: =Carros!G14 -> 5 | F14: =Tiro!D12 -> SUPERA | G14: =Carros!P14+Hospedaje!D12 -> 1 | H14: =Hospedaje!C12 -> 0 | I14: =Hospedaje!B12 -> 1 | J14: =Carga!C12 -> 13 | K14: =Carga!B12 -> 13 | L14: =IFERROR(VLOOKUP(B14,'Lista Carros'!$A$3:$K$26,11,False),"")
A15: =Carros!A15 -> Mercancías Kalsgard | B15: =Carros!B15 -> Carro de mercancías específicas | C15: 0 | D15: =Carros!D15 -> 60 | E15: =Carros!G15 -> 5 | F15: =Tiro!D13 -> SUPERA | G15: =Carros!P15+Hospedaje!D13 -> 1 | H15: =Hospedaje!C13 -> 0 | I15: =Hospedaje!B13 -> 1 | J15: =Carga!C13 -> 26 | K15: =Carga!B13 -> 26 | L15: =IFERROR(VLOOKUP(B15,'Lista Carros'!$A$3:$K$26,11,False),"") -> Solo 1 tipo de mercancía específica
... A31: =Carros!A31 -> Viajeros grande | B31: =Carros!B31 -> Carro de viajeros | C31: 0 | D31: =Carros!D31 -> 60 | E31: =Carros!G31 -> 5 | F31: =Tiro!D29 -> SUPERA | G31: =Carros!P31+Hospedaje!D29 -> 11 | H31: =Hospedaje!C29 -> 9 | I31: =Hospedaje!B29 -> 10 | J31: =Carga!C29 -> 0 | K31: =Carga!B29 -> 5 | L31: =IFERROR(VLOOKUP(B31,'Lista Carros'!$A$3:$K$26,11,False),"") -> Otorga +1 CA a la caravana
A32: =Carros!A32 | B32: =Carros!B32 | D32: =Carros!D32 -> 0 | E32: =Carros!G32 -> 0 | F32: =Tiro!D30 -> SUPERA | G32: =Carros!P32+Hospedaje!D30 -> 0 | H32: =Hospedaje!C30 -> 0 | I32: =Hospedaje!B30 | J32: =Carga!C30 -> 0 | K32: =Carga!B30 | L32: =IFERROR(VLOOKUP(B32,'Lista Carros'!$A$3:$K$26,11,False),"")
A33: =Carros!A33 | B33: =Carros!B33 | D33: =Carros!D33 -> 0 | E33: =Carros!G33 -> 0 | F33: =Tiro!D31 -> SUPERA | G33: =Carros!P33+Hospedaje!D31 -> 0 | H33: =Hospedaje!C31 -> 0 | I33: =Hospedaje!B31 | J33: =Carga!C31 -> 0 | K33: =Carga!B31 | L33: =IFERROR(VLOOKUP(B33,'Lista Carros'!$A$3:$K$26,11,False),"")
A34: =Carros!A34 | B34: =Carros!B34 | D34: =Carros!D34 -> 0 | E34: =Carros!G34 -> 0 | F34: =Tiro!D32 -> SUPERA | G34: =Carros!P34+Hospedaje!D32 -> 0 | H34: =Hospedaje!C32 -> 0 | I34: =Hospedaje!B32 | J34: =Carga!C32 -> 0 | K34: =Carga!B32 | L34: =IFERROR(VLOOKUP(B34,'Lista Carros'!$A$3:$K$26,11,False),"")

Sheet Viajeros
J1: Roles posibles
A2: Nombre | B2: Descripción | C2: Rol actual | D2: Rol adicional | E2: Carro | F2: Consumo | G2: Espacio | H2: Salario | I2: Con cama
A3: Renji | C3: Boticario | D3: Guarda | E3: {=IFERROR(INDEX(Hospedaje!$A$2:$A$32, MATCH(TRUE, BYROW(Hospedaje!$E$2:$S$32, LAMBDA(fila, COUNTIF(fila, A3)>0)), 0)),"-")} -> Cómodo 1 | F3: 1 | G3: 1 | I3: =IF(COUNTIF(Hospedaje!$E$2:$S$32,A3)=1,"Sí",IF(COUNTIF(Hospedaje!$E$2:$S$32,A3)=0,"No","DUPLICADO")) -> Sí | J3: Guarda | K3: Boticario | AD3: Pasajero
A4: O Chin Chin | C4: Boticario | D4: Explorador nocturno | E4: {=IFERROR(INDEX(Hospedaje!$A$2:$A$32, MATCH(TRUE, BYROW(Hospedaje!$E$2:$S$32, LAMBDA(fila, COUNTIF(fila, A4)>0)), 0)),"-")} -> Real | F4: 1 | G4: 1 | I4: =IF(COUNTIF(Hospedaje!$E$2:$S$32,A4)=1,"Sí",IF(COUNTIF(Hospedaje!$E$2:$S$32,A4)=0,"No","DUPLICADO")) -> Sí | J4: Boticario | K4: Explorador nocturno | AD4: Pasajero
A5: Lewis | C5: Guía | D5: Comediante | E5: {=IFERROR(INDEX(Hospedaje!$A$2:$A$32, MATCH(TRUE, BYROW(Hospedaje!$E$2:$S$32, LAMBDA(fila, COUNTIF(fila, A5)>0)), 0)),"-")} -> Bar sin límites | F5: 1 | G5: 1 | I5: =IF(COUNTIF(Hospedaje!$E$2:$S$32,A5)=1,"Sí",IF(COUNTIF(Hospedaje!$E$2:$S$32,A5)=0,"No","DUPLICADO")) -> Sí | J5: Guía | K5: Comediante | AD5: Pasajero
A6: Irgadriel | C6: Explorador nocturno | D6: Boticario | E6: {=IFERROR(INDEX(Hospedaje!$A$2:$A$32, MATCH(TRUE, BYROW(Hospedaje!$E$2:$S$32, LAMBDA(fila, COUNTIF(fila, A6)>0)), 0)),"-")} -> Cómodo 2 | F6: 1 | G6: 1 | I6: =IF(COUNTIF(Hospedaje!$E$2:$S$32,A6)=1,"Sí",IF(COUNTIF(Hospedaje!$E$2:$S$32,A6)=0,"No","DUPLICADO")) -> Sí | J6: Boticario | K6: Explorador nocturno | AD6: Pasajero
A7: Virihane | C7: Encargado de suministros | D7: Artesano | E7: {=IFERROR(INDEX(Hospedaje!$A$2:$A$32, MATCH(TRUE, BYROW(Hospedaje!$E$2:$S$32, LAMBDA(fila, COUNTIF(fila, A7)>0)), 0)),"-")} -> Cómodo 1 | F7: 1 | G7: 1 | I7: =IF(COUNTIF(Hospedaje!$E$2:$S$32,A7)=1,"Sí",IF(COUNTIF(Hospedaje!$E$2:$S$32,A7)=0,"No","DUPLICADO")) -> Sí | J7: Artesano | K7: Encargado de suministros | AD7: Pasajero
A8: Hiriko | C8: Guarda | D8: Artesano | E8: {=IFERROR(INDEX(Hospedaje!$A$2:$A$32, MATCH(TRUE, BYROW(Hospedaje!$E$2:$S$32, LAMBDA(fila, COUNTIF(fila, A8)>0)), 0)),"-")} -> Real | F8: 1 | G8: 1 | I8: =IF(COUNTIF(Hospedaje!$E$2:$S$32,A8)=1,"Sí",IF(COUNTIF(Hospedaje!$E$2:$S$32,A8)=0,"No","DUPLICADO")) -> Sí | J8: Guarda | K8: Carrero | L8: Carretero | M8: Explorador nocturno | N8: Artesano | O8: Comerciante | AD8: Pasajero
A9: Shalelu | C9: Batidor | E9: {=IFERROR(INDEX(Hospedaje!$A$2:$A$32, MATCH(TRUE, BYROW(Hospedaje!$E$2:$S$32, LAMBDA(fila, COUNTIF(fila, A9)>0)), 0)),"-")} -> Cómodo 2 | F9: 1 | G9: 1 | I9: =IF(COUNTIF(Hospedaje!$E$2:$S$32,A9)=1,"Sí",IF(COUNTIF(Hospedaje!$E$2:$S$32,A9)=0,"No","DUPLICADO")) -> Sí | J9: Guarda | K9: Batidor | L9: Explorador nocturno | M9: Leñador | N9: Nevero | O9: Meteorólogo | P9: Lanzador de conjuros | AD9: Pasajero
A10: Sandru | C10: Carretero | E10: {=IFERROR(INDEX(Hospedaje!$A$2:$A$32, MATCH(TRUE, BYROW(Hospedaje!$E$2:$S$32, LAMBDA(fila, COUNTIF(fila, A10)>0)), 0)),"-")} -> Cómodo 1 | F10: 1 | G10: 1 | I10: =IF(COUNTIF(Hospedaje!$E$2:$S$32,A10)=1,"Sí",IF(COUNTIF(Hospedaje!$E$2:$S$32,A10)=0,"No","DUPLICADO")) -> Sí | J10: Guarda | K10: Explorador nocturno | L10: Comerciante | M10: Carrero | N10: Carretero | O10: Domador | P10: Diplomático | Q10: Cronista | AD10: Pasajero
A11: Ameiko | C11: Comediante | E11: {=IFERROR(INDEX(Hospedaje!$A$2:$A$32, MATCH(TRUE, BYROW(Hospedaje!$E$2:$S$32, LAMBDA(fila, COUNTIF(fila, A11)>0)), 0)),"-")} -> Real | F11: 1 | G11: 1 | I11: =IF(COUNTIF(Hospedaje!$E$2:$S$32,A11)=1,"Sí",IF(COUNTIF(Hospedaje!$E$2:$S$32,A11)=0,"No","DUPLICADO")) -> Sí | J11: Animador itinerante | K11: Comediante | L11: Comerciante | M11: Guarda | N11: Explorador nocturno | O11: Pasajero | P11: Cocinero | Q11: Cronista | R11: Lanzador de conjuros | AD11: Pasajero
A12: Koya | C12: Adivino | E12: {=IFERROR(INDEX(Hospedaje!$A$2:$A$32, MATCH(TRUE, BYROW(Hospedaje!$E$2:$S$32, LAMBDA(fila, COUNTIF(fila, A12)>0)), 0)),"-")} -> Koya | F12: 1 | G12: 1 | I12: =IF(COUNTIF(Hospedaje!$E$2:$S$32,A12)=1,"Sí",IF(COUNTIF(Hospedaje!$E$2:$S$32,A12)=0,"No","DUPLICADO")) -> Sí | J12: Adivino | K12: Sanador | L12: Guarda | M12: Explorador nocturno | N12: Lanzador de conjuros | O12: Diplomático | AD12: Pasajero
A13: Bevelek | B13: Conductor inicial | C13: Carretero | E13: {=IFERROR(INDEX(Hospedaje!$A$2:$A$32, MATCH(TRUE, BYROW(Hospedaje!$E$2:$S$32, LAMBDA(fila, COUNTIF(fila, A13)>0)), 0)),"-")} -> Viajeros 1 | F13: 1 | G13: 1 | I13: =IF(COUNTIF(Hospedaje!$E$2:$S$32,A13)=1,"Sí",IF(COUNTIF(Hospedaje!$E$2:$S$32,A13)=0,"No","DUPLICADO")) -> Sí | J13: Carretero | K13: Carrero | AD13: Pasajero
A14: Vankor | B14: Conductor inicial | C14: Carretero | E14: {=IFERROR(INDEX(Hospedaje!$A$2:$A$32, MATCH(TRUE, BYROW(Hospedaje!$E$2:$S$32, LAMBDA(fila, COUNTIF(fila, A14)>0)), 0)),"-")} -> Viajeros 1 | F14: 1 | G14: 1 | I14: =IF(COUNTIF(Hospedaje!$E$2:$S$32,A14)=1,"Sí",IF(COUNTIF(Hospedaje!$E$2:$S$32,A14)=0,"No","DUPLICADO")) -> Sí | J14: Carretero | K14: Carrero | AD14: Pasajero
A15: Velani Korrast | B15: Random | C15: Carretero | E15: {=IFERROR(INDEX(Hospedaje!$A$2:$A$32, MATCH(TRUE, BYROW(Hospedaje!$E$2:$S$32, LAMBDA(fila, COUNTIF(fila, A15)>0)), 0)),"-")} -> Viajeros 1 | F15: 1 | G15: 1 | H15: 10 | I15: =IF(COUNTIF(Hospedaje!$E$2:$S$32,A15)=1,"Sí",IF(COUNTIF(Hospedaje!$E$2:$S$32,A15)=0,"No","DUPLICADO")) -> Sí | J15: Carretero | AD15: Pasajero
A16: Seya Numari | B16: Random | C16: Carretero | E16: {=IFERROR(INDEX(Hospedaje!$A$2:$A$32, MATCH(TRUE, BYROW(Hospedaje!$E$2:$S$32, LAMBDA(fila, COUNTIF(fila, A16)>0)), 0)),"-")} -> Viajeros 1 | F16: 1 | G16: 1 | H16: 10 | I16: =IF(COUNTIF(Hospedaje!$E$2:$S$32,A16)=1,"Sí",IF(COUNTIF(Hospedaje!$E$2:$S$32,A16)=0,"No","DUPLICADO")) -> Sí | J16: Carretero | AD16: Pasajero
A17: Ormund Gevren | B17: Random | C17: Carretero | E17: {=IFERROR(INDEX(Hospedaje!$A$2:$A$32, MATCH(TRUE, BYROW(Hospedaje!$E$2:$S$32, LAMBDA(fila, COUNTIF(fila, A17)>0)), 0)),"-")} -> Viajeros 1 | F17: 1 | G17: 1 | H17: 10 | I17: =IF(COUNTIF(Hospedaje!$E$2:$S$32,A17)=1,"Sí",IF(COUNTIF(Hospedaje!$E$2:$S$32,A17)=0,"No","DUPLICADO")) -> Sí | J17: Carretero | AD17: Pasajero
A18: Caurrin Whesterwill | B18: Molinero de Punta Arena | C18: Encargado de suministros | E18: {=IFERROR(INDEX(Hospedaje!$A$2:$A$32, MATCH(TRUE, BYROW(Hospedaje!$E$2:$S$32, LAMBDA(fila, COUNTIF(fila, A18)>0)), 0)),"-")} -> Viajeros 1 | F18: 1 | G18: 1 | H18: 75 | I18: =IF(COUNTIF(Hospedaje!$E$2:$S$32,A18)=1,"Sí",IF(COUNTIF(Hospedaje!$E$2:$S$32,A18)=0,"No","DUPLICADO")) -> Sí | J18: Encargado de suministros | AD18: Pasajero
A19: Clark (perro Lewis) | C19: Explorador nocturno | E19: {=IFERROR(INDEX(Hospedaje!$A$2:$A$32, MATCH(TRUE, BYROW(Hospedaje!$E$2:$S$32, LAMBDA(fila, COUNTIF(fila, A19)>0)), 0)),"-")} -> Bar sin límites | F19: 1 | G19: 0.5 | I19: =IF(COUNTIF(Hospedaje!$E$2:$S$32,A19)=1,"Sí",IF(COUNTIF(Hospedaje!$E$2:$S$32,A19)=0,"No","DUPLICADO")) -> Sí | J19: Guarda | K19: Explorador nocturno | L19: Batidor | AD19: Pasajero
A20: Ralvio Dorran | B20: Borrachín | C20: Cocinero | E20: {=IFERROR(INDEX(Hospedaje!$A$2:$A$32, MATCH(TRUE, BYROW(Hospedaje!$E$2:$S$32, LAMBDA(fila, COUNTIF(fila, A20)>0)), 0)),"-")} -> Bar sin límites | F20: 1 | G20: 1 | I20: =IF(COUNTIF(Hospedaje!$E$2:$S$32,A20)=1,"Sí",IF(COUNTIF(Hospedaje!$E$2:$S$32,A20)=0,"No","DUPLICADO")) -> Sí | J20: Cocinero | AD20: Pasajero
A21: Erivo | B21: Semiorca hechicera | C21: Lanzador de conjuros | E21: {=IFERROR(INDEX(Hospedaje!$A$2:$A$32, MATCH(TRUE, BYROW(Hospedaje!$E$2:$S$32, LAMBDA(fila, COUNTIF(fila, A21)>0)), 0)),"-")} -> Escuela | F21: 1 | G21: 1 | I21: =IF(COUNTIF(Hospedaje!$E$2:$S$32,A21)=1,"Sí",IF(COUNTIF(Hospedaje!$E$2:$S$32,A21)=0,"No","DUPLICADO")) -> Sí | J21: Lanzador de conjuros | K21: Guarda | L21: Explorador nocturno | M21: Batidor | N21: Leñador | O21: Nevero | AD21: Pasajero
A22: Devoramundos | C22: Pasajero | E22: {=IFERROR(INDEX(Hospedaje!$A$2:$A$32, MATCH(TRUE, BYROW(Hospedaje!$E$2:$S$32, LAMBDA(fila, COUNTIF(fila, A22)>0)), 0)),"-")} -> Real | F22: 1 | G22: 0 | I22: =IF(COUNTIF(Hospedaje!$E$2:$S$32,A22)=1,"Sí",IF(COUNTIF(Hospedaje!$E$2:$S$32,A22)=0,"No","DUPLICADO")) -> Sí | J22: Guarda | K22: Explorador nocturno | L22: Esclavista | M22: Lanzador de conjuros | N22: Profesor | O22: Instructor | P22: Artesano | AD22: Pasajero
A23: Korrin Feldane | B23: Random | C23: Carretero | E23: {=IFERROR(INDEX(Hospedaje!$A$2:$A$32, MATCH(TRUE, BYROW(Hospedaje!$E$2:$S$32, LAMBDA(fila, COUNTIF(fila, A23)>0)), 0)),"-")} -> Viajeros 5 | F23: 1 | G23: 1 | H23: 10 | I23: =IF(COUNTIF(Hospedaje!$E$2:$S$32,A23)=1,"Sí",IF(COUNTIF(Hospedaje!$E$2:$S$32,A23)=0,"No","DUPLICADO")) -> Sí | J23: Carretero | AD23: Pasajero
A24: Spivey | C24: Sanador | E24: {=IFERROR(INDEX(Hospedaje!$A$2:$A$32, MATCH(TRUE, BYROW(Hospedaje!$E$2:$S$32, LAMBDA(fila, COUNTIF(fila, A24)>0)), 0)),"-")} -> Koya | F24: 0 | G24: 0 | I24: =IF(COUNTIF(Hospedaje!$E$2:$S$32,A24)=1,"Sí",IF(COUNTIF(Hospedaje!$E$2:$S$32,A24)=0,"No","DUPLICADO")) -> Sí | J24: Sanador | K24: Guarda | L24: Explorador nocturno | M24: Adivino | N24: Lanzador de conjuros | O24: Boticario | P24: Animador itinerante | Q24: Comediante | AD24: Pasajero
A25: Eirik "Cuervo Roto" | B25: Proscritos ulfen | C25: Batidor | E25: {=IFERROR(INDEX(Hospedaje!$A$2:$A$32, MATCH(TRUE, BYROW(Hospedaje!$E$2:$S$32, LAMBDA(fila, COUNTIF(fila, A25)>0)), 0)),"-")} -> Viajeros grande | F25: 1 | G25: 1 | I25: =IF(COUNTIF(Hospedaje!$E$2:$S$32,A25)=1,"Sí",IF(COUNTIF(Hospedaje!$E$2:$S$32,A25)=0,"No","DUPLICADO")) -> Sí | J25: Batidor | AD25: Pasajero
A26: Takorr Senda Quemada | B26: Proscritos shoanti | C26: Meteorólogo | E26: {=IFERROR(INDEX(Hospedaje!$A$2:$A$32, MATCH(TRUE, BYROW(Hospedaje!$E$2:$S$32, LAMBDA(fila, COUNTIF(fila, A26)>0)), 0)),"-")} -> Viajeros grande | F26: 1 | G26: 1 | I26: =IF(COUNTIF(Hospedaje!$E$2:$S$32,A26)=1,"Sí",IF(COUNTIF(Hospedaje!$E$2:$S$32,A26)=0,"No","DUPLICADO")) -> Sí | J26: Meteorólogo | AD26: Pasajero
A27: Jorgaan de la Roca Blanca | B27: Proscritos ulfen | C27: Artesano | E27: {=IFERROR(INDEX(Hospedaje!$A$2:$A$32, MATCH(TRUE, BYROW(Hospedaje!$E$2:$S$32, LAMBDA(fila, COUNTIF(fila, A27)>0)), 0)),"-")} -> Viajeros grande | F27: 1 | G27: 1 | I27: =IF(COUNTIF(Hospedaje!$E$2:$S$32,A27)=1,"Sí",IF(COUNTIF(Hospedaje!$E$2:$S$32,A27)=0,"No","DUPLICADO")) -> Sí | J27: Artesano | AD27: Pasajero
A28: Ketaek pasos cortos | B28: Proscritos shoanti | C28: Cocinero | E28: {=IFERROR(INDEX(Hospedaje!$A$2:$A$32, MATCH(TRUE, BYROW(Hospedaje!$E$2:$S$32, LAMBDA(fila, COUNTIF(fila, A28)>0)), 0)),"-")} -> Viajeros grande | F28: 1 | G28: 1 | I28: =IF(COUNTIF(Hospedaje!$E$2:$S$32,A28)=1,"Sí",IF(COUNTIF(Hospedaje!$E$2:$S$32,A28)=0,"No","DUPLICADO")) -> Sí | J28: Cocinero | AD28: Pasajero
A29: Sigmund "Ojos de Hielo" | B29: Proscritos ulfen | C29: Domador | E29: {=IFERROR(INDEX(Hospedaje!$A$2:$A$32, MATCH(TRUE, BYROW(Hospedaje!$E$2:$S$32, LAMBDA(fila, COUNTIF(fila, A29)>0)), 0)),"-")} -> Viajeros grande | F29: 1 | G29: 1 | I29: =IF(COUNTIF(Hospedaje!$E$2:$S$32,A29)=1,"Sí",IF(COUNTIF(Hospedaje!$E$2:$S$32,A29)=0,"No","DUPLICADO")) -> Sí | J29: Domador | AD29: Pasajero
A30: Yrja Vientonegro | B30: Proscritos ulfen | C30: Carretero | E30: {=IFERROR(INDEX(Hospedaje!$A$2:$A$32, MATCH(TRUE, BYROW(Hospedaje!$E$2:$S$32, LAMBDA(fila, COUNTIF(fila, A30)>0)), 0)),"-")} -> Viajeros grande | F30: 1 | G30: 1 | I30: =IF(COUNTIF(Hospedaje!$E$2:$S$32,A30)=1,"Sí",IF(COUNTIF(Hospedaje!$E$2:$S$32,A30)=0,"No","DUPLICADO")) -> Sí | J30: Carretero | AD30: Pasajero
A31: Ashka Cantoceniza | B31: Proscritos shoanti | C31: Cronista | E31: {=IFERROR(INDEX(Hospedaje!$A$2:$A$32, MATCH(TRUE, BYROW(Hospedaje!$E$2:$S$32, LAMBDA(fila, COUNTIF(fila, A31)>0)), 0)),"-")} -> Viajeros grande | F31: 1 | G31: 1 | I31: =IF(COUNTIF(Hospedaje!$E$2:$S$32,A31)=1,"Sí",IF(COUNTIF(Hospedaje!$E$2:$S$32,A31)=0,"No","DUPLICADO")) -> Sí | J31: Cronista | AD31: Pasajero
A32: Freydis Manodura | B32: Proscritos ulfen | C32: Batidor | E32: {=IFERROR(INDEX(Hospedaje!$A$2:$A$32, MATCH(TRUE, BYROW(Hospedaje!$E$2:$S$32, LAMBDA(fila, COUNTIF(fila, A32)>0)), 0)),"-")} -> Viajeros grande | F32: 1 | G32: 1 | I32: =IF(COUNTIF(Hospedaje!$E$2:$S$32,A32)=1,"Sí",IF(COUNTIF(Hospedaje!$E$2:$S$32,A32)=0,"No","DUPLICADO")) -> Sí | J32: Batidor | AD32: Pasajero
A33: Cholna de las Lluvias | B33: Proscritos shoanti | C33: Boticario | E33: {=IFERROR(INDEX(Hospedaje!$A$2:$A$32, MATCH(TRUE, BYROW(Hospedaje!$E$2:$S$32, LAMBDA(fila, COUNTIF(fila, A33)>0)), 0)),"-")} -> Viajeros grande | F33: 1 | G33: 1 | I33: =IF(COUNTIF(Hospedaje!$E$2:$S$32,A33)=1,"Sí",IF(COUNTIF(Hospedaje!$E$2:$S$32,A33)=0,"No","DUPLICADO")) -> Sí | J33: Boticario | AD33: Pasajero
A34: Kelda | C34: Carretero | E34: {=IFERROR(INDEX(Hospedaje!$A$2:$A$32, MATCH(TRUE, BYROW(Hospedaje!$E$2:$S$32, LAMBDA(fila, COUNTIF(fila, A34)>0)), 0)),"-")} -> Cómodo 1 | F34: 1 | G34: 1 | H34: 80 | I34: =IF(COUNTIF(Hospedaje!$E$2:$S$32,A34)=1,"Sí",IF(COUNTIF(Hospedaje!$E$2:$S$32,A34)=0,"No","DUPLICADO")) -> Sí | J34: Guarda | K34: Batidor | L34: Nevero | M34: Leñador | N34: Domador | O34: Explorador nocturno | P34: Carretero | AD34: Pasajero
A35: Frinn (huérfano) | B35: Niño huérfano de Tomgruv | C35: Pasajero | E35: {=IFERROR(INDEX(Hospedaje!$A$2:$A$32, MATCH(TRUE, BYROW(Hospedaje!$E$2:$S$32, LAMBDA(fila, COUNTIF(fila, A35)>0)), 0)),"-")} -> Cómodo 2 | F35: 1 | G35: 0.5 | I35: =IF(COUNTIF(Hospedaje!$E$2:$S$32,A35)=1,"Sí",IF(COUNTIF(Hospedaje!$E$2:$S$32,A35)=0,"No","DUPLICADO")) -> Sí | J35: Pasajero | AD35: Pasajero
A36: Skøra (huérfana) | B36: Niña huérfano de Tomgruv | C36: Pasajero | E36: {=IFERROR(INDEX(Hospedaje!$A$2:$A$32, MATCH(TRUE, BYROW(Hospedaje!$E$2:$S$32, LAMBDA(fila, COUNTIF(fila, A36)>0)), 0)),"-")} -> Cómodo 2 | F36: 1 | G36: 0.5 | I36: =IF(COUNTIF(Hospedaje!$E$2:$S$32,A36)=1,"Sí",IF(COUNTIF(Hospedaje!$E$2:$S$32,A36)=0,"No","DUPLICADO")) -> Sí | J36: Pasajero | AD36: Pasajero
A37: Krixi cincadientes | B37: Kobol de Tomgruv | C37: Sirviente | E37: {=IFERROR(INDEX(Hospedaje!$A$2:$A$32, MATCH(TRUE, BYROW(Hospedaje!$E$2:$S$32, LAMBDA(fila, COUNTIF(fila, A37)>0)), 0)),"-")} -> Viajeros 1 | F37: 1 | G37: 1 | I37: =IF(COUNTIF(Hospedaje!$E$2:$S$32,A37)=1,"Sí",IF(COUNTIF(Hospedaje!$E$2:$S$32,A37)=0,"No","DUPLICADO")) -> Sí | J37: Sirviente | AD37: Pasajero
A38: Caballos Yakutos | C38: Animales de tiro | E38: {=IFERROR(INDEX(Hospedaje!$A$2:$A$32, MATCH(TRUE, BYROW(Hospedaje!$E$2:$S$32, LAMBDA(fila, COUNTIF(fila, A38)>0)), 0)),"-")} -> Zoo | F38: 0 | G38: 6 | I38: =IF(COUNTIF(Hospedaje!$E$2:$S$32,A38)=1,"Sí",IF(COUNTIF(Hospedaje!$E$2:$S$32,A38)=0,"No","DUPLICADO")) -> Sí | J38: Animales de tiro | AD38: Pasajero
A39: Miaulee | B39: Gato de Irgadriel | C39: Pasajero | E39: {=IFERROR(INDEX(Hospedaje!$A$2:$A$32, MATCH(TRUE, BYROW(Hospedaje!$E$2:$S$32, LAMBDA(fila, COUNTIF(fila, A39)>0)), 0)),"-")} -> - | F39: 1 | G39: 0 | I39: =IF(COUNTIF(Hospedaje!$E$2:$S$32,A39)=1,"Sí",IF(COUNTIF(Hospedaje!$E$2:$S$32,A39)=0,"No","DUPLICADO")) -> No | J39: Guarda | K39: Explorador nocturno | L39: Batidor | AD39: Pasajero
A40: Osezno | C40: Pasajero | E40: {=IFERROR(INDEX(Hospedaje!$A$2:$A$32, MATCH(TRUE, BYROW(Hospedaje!$E$2:$S$32, LAMBDA(fila, COUNTIF(fila, A40)>0)), 0)),"-")} -> Zoo | F40: 1 | G40: 0.5 | I40: =IF(COUNTIF(Hospedaje!$E$2:$S$32,A40)=1,"Sí",IF(COUNTIF(Hospedaje!$E$2:$S$32,A40)=0,"No","DUPLICADO")) -> Sí | J40: Explorador nocturno | K40: Batidor | AD40: Pasajero
A41: Hargor Hagorsson | B41: Padre Hargorsson | C41: Agricultor | E41: {=IFERROR(INDEX(Hospedaje!$A$2:$A$32, MATCH(TRUE, BYROW(Hospedaje!$E$2:$S$32, LAMBDA(fila, COUNTIF(fila, A41)>0)), 0)),"-")} -> Familias Kalsgard | F41: 1 | G41: 1 | I41: =IF(COUNTIF(Hospedaje!$E$2:$S$32,A41)=1,"Sí",IF(COUNTIF(Hospedaje!$E$2:$S$32,A41)=0,"No","DUPLICADO")) -> Sí | J41: Agricultor | AD41: Pasajero
A42: Siv Hagorsson | B42: Madre Hargorsson | C42: Agricultor | E42: {=IFERROR(INDEX(Hospedaje!$A$2:$A$32, MATCH(TRUE, BYROW(Hospedaje!$E$2:$S$32, LAMBDA(fila, COUNTIF(fila, A42)>0)), 0)),"-")} -> Familias Kalsgard | F42: 1 | G42: 1 | I42: =IF(COUNTIF(Hospedaje!$E$2:$S$32,A42)=1,"Sí",IF(COUNTIF(Hospedaje!$E$2:$S$32,A42)=0,"No","DUPLICADO")) -> Sí | J42: Agricultor | AD42: Pasajero
A43: Torvald Hagorsson | B43: Hijo mayor 22 Hargorsson | C43: Sirviente (agricultor) | E43: {=IFERROR(INDEX(Hospedaje!$A$2:$A$32, MATCH(TRUE, BYROW(Hospedaje!$E$2:$S$32, LAMBDA(fila, COUNTIF(fila, A43)>0)), 0)),"-")} -> Familias Kalsgard | F43: 1 | G43: 1 | I43: =IF(COUNTIF(Hospedaje!$E$2:$S$32,A43)=1,"Sí",IF(COUNTIF(Hospedaje!$E$2:$S$32,A43)=0,"No","DUPLICADO")) -> Sí | J43: Sirviente (agricultor) | K43: Agricultor | L43: Guarda | AD43: Pasajero
A44: Inga Hagorsson | B44: Hija mediana 18 Hargorsson | C44: Cocinero | E44: {=IFERROR(INDEX(Hospedaje!$A$2:$A$32, MATCH(TRUE, BYROW(Hospedaje!$E$2:$S$32, LAMBDA(fila, COUNTIF(fila, A44)>0)), 0)),"-")} -> Familias Kalsgard | F44: 1 | G44: 1 | I44: =IF(COUNTIF(Hospedaje!$E$2:$S$32,A44)=1,"Sí",IF(COUNTIF(Hospedaje!$E$2:$S$32,A44)=0,"No","DUPLICADO")) -> Sí | J44: Cocinero | K44: Sirviente | L44: Agricultor | AD44: Pasajero
A45: Leif Hagorsson | B45: Hijo menor 12 Hargorsson | C45: Sirviente (agricultor) | E45: {=IFERROR(INDEX(Hospedaje!$A$2:$A$32, MATCH(TRUE, BYROW(Hospedaje!$E$2:$S$32, LAMBDA(fila, COUNTIF(fila, A45)>0)), 0)),"-")} -> Familias Kalsgard | F45: 1 | G45: 0.5 | I45: =IF(COUNTIF(Hospedaje!$E$2:$S$32,A45)=1,"Sí",IF(COUNTIF(Hospedaje!$E$2:$S$32,A45)=0,"No","DUPLICADO")) -> Sí | J45: Sirviente (agricultor) | AD45: Pasajero
A46: Hayashi Tomoko | B46: Madre minkaiana Tomoko | C46: Sirviente | E46: {=IFERROR(INDEX(Hospedaje!$A$2:$A$32, MATCH(TRUE, BYROW(Hospedaje!$E$2:$S$32, LAMBDA(fila, COUNTIF(fila, A46)>0)), 0)),"-")} -> Familias Kalsgard | F46: 1 | G46: 1 | I46: =IF(COUNTIF(Hospedaje!$E$2:$S$32,A46)=1,"Sí",IF(COUNTIF(Hospedaje!$E$2:$S$32,A46)=0,"No","DUPLICADO")) -> Sí | J46: Sirviente | AD46: Pasajero
A47: Daichi Tomoko | B47: Hijo mayor 11 Tomoko | C47: Pasajero | E47: {=IFERROR(INDEX(Hospedaje!$A$2:$A$32, MATCH(TRUE, BYROW(Hospedaje!$E$2:$S$32, LAMBDA(fila, COUNTIF(fila, A47)>0)), 0)),"-")} -> Familias Kalsgard | F47: 1 | G47: 0.5 | I47: =IF(COUNTIF(Hospedaje!$E$2:$S$32,A47)=1,"Sí",IF(COUNTIF(Hospedaje!$E$2:$S$32,A47)=0,"No","DUPLICADO")) -> Sí | J47: Pasajero | AD47: Pasajero
A48: Aiko Tomoko | B48: Hija menor 9 Tomoko | C48: Pasajero | E48: {=IFERROR(INDEX(Hospedaje!$A$2:$A$32, MATCH(TRUE, BYROW(Hospedaje!$E$2:$S$32, LAMBDA(fila, COUNTIF(fila, A48)>0)), 0)),"-")} -> Familias Kalsgard | F48: 1 | G48: 0.5 | I48: =IF(COUNTIF(Hospedaje!$E$2:$S$32,A48)=1,"Sí",IF(COUNTIF(Hospedaje!$E$2:$S$32,A48)=0,"No","DUPLICADO")) -> Sí | J48: Pasajero | AD48: Pasajero
A49: Halvard Kaelvik | B49: Ulfen homosexual pareja de Perrin | C49: Explorador nocturno | E49: {=IFERROR(INDEX(Hospedaje!$A$2:$A$32, MATCH(TRUE, BYROW(Hospedaje!$E$2:$S$32, LAMBDA(fila, COUNTIF(fila, A49)>0)), 0)),"-")} -> Viajeros 2 | F49: 1 | G49: 1 | I49: =IF(COUNTIF(Hospedaje!$E$2:$S$32,A49)=1,"Sí",IF(COUNTIF(Hospedaje!$E$2:$S$32,A49)=0,"No","DUPLICADO")) -> Sí | J49: Explorador nocturno | K49: Guarda | L49: Batidor | AD49: Pasajero
A50: Perrin Holbrook | B50: Mediano homosexual pareja de Halvard | C50: Carretero | E50: {=IFERROR(INDEX(Hospedaje!$A$2:$A$32, MATCH(TRUE, BYROW(Hospedaje!$E$2:$S$32, LAMBDA(fila, COUNTIF(fila, A50)>0)), 0)),"-")} -> Viajeros 2 | F50: 1 | G50: 1 | I50: =IF(COUNTIF(Hospedaje!$E$2:$S$32,A50)=1,"Sí",IF(COUNTIF(Hospedaje!$E$2:$S$32,A50)=0,"No","DUPLICADO")) -> Sí | J50: Carretero | K50: Carrero | L50: Comerciante | M50: Diplomático | AD50: Pasajero
A51: Eilvarr | B51: Semielfo illenivari hechicero de hielo | C51: Pasajero | E51: {=IFERROR(INDEX(Hospedaje!$A$2:$A$32, MATCH(TRUE, BYROW(Hospedaje!$E$2:$S$32, LAMBDA(fila, COUNTIF(fila, A51)>0)), 0)),"-")} -> Viajeros 2 | F51: 1 | G51: 1 | I51: =IF(COUNTIF(Hospedaje!$E$2:$S$32,A51)=1,"Sí",IF(COUNTIF(Hospedaje!$E$2:$S$32,A51)=0,"No","DUPLICADO")) -> Sí | J51: Cronista | K51: Explorador nocturno | L51: Guarda | M51: Instructor | AD51: Pasajero
A52: Brindelvasthimir Quillopon Dranzibandor | B52: Gnomo druida | C52: Explorador nocturno | E52: {=IFERROR(INDEX(Hospedaje!$A$2:$A$32, MATCH(TRUE, BYROW(Hospedaje!$E$2:$S$32, LAMBDA(fila, COUNTIF(fila, A52)>0)), 0)),"-")} -> Viajeros 2 | F52: 1 | G52: 1 | I52: =IF(COUNTIF(Hospedaje!$E$2:$S$32,A52)=1,"Sí",IF(COUNTIF(Hospedaje!$E$2:$S$32,A52)=0,"No","DUPLICADO")) -> Sí | J52: Explorador nocturno | K52: Agricultor | L52: Artesano | M52: Batidor | N52: Boticario | O52: Lanzador de conjuros | P52: Carretero | Q52: Domador | R52: Guarda | S52: Guía | T52: Meteorólogo | U52: Sanador | AD52: Pasajero
A53: Skali (Troi), el puto troll | C53: Pasajero | E53: {=IFERROR(INDEX(Hospedaje!$A$2:$A$32, MATCH(TRUE, BYROW(Hospedaje!$E$2:$S$32, LAMBDA(fila, COUNTIF(fila, A53)>0)), 0)),"-")} -> Huerto 1 | F53: 2 | G53: 2 | I53: =IF(COUNTIF(Hospedaje!$E$2:$S$32,A53)=1,"Sí",IF(COUNTIF(Hospedaje!$E$2:$S$32,A53)=0,"No","DUPLICADO")) -> Sí | J53: Guarda | K53: Explorador nocturno | L53: Batidor | M53: Esclavista | N53: Leñador | O53: Nevero | AD53: Pasajero
A54: Ramaso Panor | B54: Héroe de Castrovel | C54: Comediante | E54: {=IFERROR(INDEX(Hospedaje!$A$2:$A$32, MATCH(TRUE, BYROW(Hospedaje!$E$2:$S$32, LAMBDA(fila, COUNTIF(fila, A54)>0)), 0)),"-")} -> Viajeros 3 | F54: 1 | G54: 1 | I54: =IF(COUNTIF(Hospedaje!$E$2:$S$32,A54)=1,"Sí",IF(COUNTIF(Hospedaje!$E$2:$S$32,A54)=0,"No","DUPLICADO")) -> Sí | J54: Comediante | K54: Animador itinerante | L54: Artesano | M54: Comerciante | N54: Diplomático | AD54: Pasajero
A55: Dominic Torettoson | B55: Ganador de carreras de trineos | C55: Carretero | E55: {=IFERROR(INDEX(Hospedaje!$A$2:$A$32, MATCH(TRUE, BYROW(Hospedaje!$E$2:$S$32, LAMBDA(fila, COUNTIF(fila, A55)>0)), 0)),"-")} -> Viajeros 4 | F55: 1 | G55: 1 | H55: 12 | I55: =IF(COUNTIF(Hospedaje!$E$2:$S$32,A55)=1,"Sí",IF(COUNTIF(Hospedaje!$E$2:$S$32,A55)=0,"No","DUPLICADO")) -> Sí | J55: Carretero | K55: Domador | AD55: Pasajero
A56: Helgalvar | B56: Casco Ulfen | C56: Pasajero | E56: {=IFERROR(INDEX(Hospedaje!$A$2:$A$32, MATCH(TRUE, BYROW(Hospedaje!$E$2:$S$32, LAMBDA(fila, COUNTIF(fila, A56)>0)), 0)),"-")} -> Cómodo 1 | F56: 0 | G56: 0 | I56: =IF(COUNTIF(Hospedaje!$E$2:$S$32,A56)=1,"Sí",IF(COUNTIF(Hospedaje!$E$2:$S$32,A56)=0,"No","DUPLICADO")) -> Sí | J56: Guarda | K56: Explorador nocturno | L56: Adivino | M56: Lanzador de conjuros | AD56: Pasajero
A57: Ulf el Ulfen | C57: Guía | E57: {=IFERROR(INDEX(Hospedaje!$A$2:$A$32, MATCH(TRUE, BYROW(Hospedaje!$E$2:$S$32, LAMBDA(fila, COUNTIF(fila, A57)>0)), 0)),"-")} -> Cómodo 2 | F57: 1 | G57: 1 | I57: =IF(COUNTIF(Hospedaje!$E$2:$S$32,A57)=1,"Sí",IF(COUNTIF(Hospedaje!$E$2:$S$32,A57)=0,"No","DUPLICADO")) -> Sí | J57: Guía | K57: Guarda | L57: Batidor | M57: Explorador nocturno | N57: Domador | O57: Nevero | P57: Leñador | Q57: Lanzador de conjuros | AD57: Pasajero
A58: Asmund (el quesero) | B58: Conrato de exportación de queso hasta Tian Xia (1000 po a la llegada) | C58: Carretero | E58: {=IFERROR(INDEX(Hospedaje!$A$2:$A$32, MATCH(TRUE, BYROW(Hospedaje!$E$2:$S$32, LAMBDA(fila, COUNTIF(fila, A58)>0)), 0)),"-")} -> Queso | F58: 1 | G58: 1 | I58: =IF(COUNTIF(Hospedaje!$E$2:$S$32,A58)=1,"Sí",IF(COUNTIF(Hospedaje!$E$2:$S$32,A58)=0,"No","DUPLICADO")) -> Sí | J58: Carretero | AD58: Pasajero
A59: Selanza Rovari | B59: Mercader que quiere importar tintes | C59: Pasajero | E59: {=IFERROR(INDEX(Hospedaje!$A$2:$A$32, MATCH(TRUE, BYROW(Hospedaje!$E$2:$S$32, LAMBDA(fila, COUNTIF(fila, A59)>0)), 0)),"-")} -> Viajeros 4 | F59: 1 | G59: 1 | I59: =IF(COUNTIF(Hospedaje!$E$2:$S$32,A59)=1,"Sí",IF(COUNTIF(Hospedaje!$E$2:$S$32,A59)=0,"No","DUPLICADO")) -> Sí | J59: Pasajero | AD59: Pasajero
A60: Inuliak | B60: Comerciante erutaki | C60: Pasajero | E60: {=IFERROR(INDEX(Hospedaje!$A$2:$A$32, MATCH(TRUE, BYROW(Hospedaje!$E$2:$S$32, LAMBDA(fila, COUNTIF(fila, A60)>0)), 0)),"-")} -> Viajeros 5 | F60: 1 | G60: 1 | I60: =IF(COUNTIF(Hospedaje!$E$2:$S$32,A60)=1,"Sí",IF(COUNTIF(Hospedaje!$E$2:$S$32,A60)=0,"No","DUPLICADO")) -> Sí | J60: Batidor | K60: Comerciante | L60: Cronista | M60: Diplomático | N60: Explorador nocturno | O60: Guarda | P60: Guarda | Q60: Meteorólogo | AD60: Pasajero
A61: Odval | B61: Chica tian-la 15 de Inuliak | C61: Pasajero | E61: {=IFERROR(INDEX(Hospedaje!$A$2:$A$32, MATCH(TRUE, BYROW(Hospedaje!$E$2:$S$32, LAMBDA(fila, COUNTIF(fila, A61)>0)), 0)),"-")} -> Viajeros 5 | F61: 1 | G61: 1 | I61: =IF(COUNTIF(Hospedaje!$E$2:$S$32,A61)=1,"Sí",IF(COUNTIF(Hospedaje!$E$2:$S$32,A61)=0,"No","DUPLICADO")) -> Sí | J61: Batidor | K61: Sirviente (batidor) | AD61: Pasajero
A62: Shuo | B62: Chico tian-shu 12 de Inuliak | C62: Pasajero | E62: {=IFERROR(INDEX(Hospedaje!$A$2:$A$32, MATCH(TRUE, BYROW(Hospedaje!$E$2:$S$32, LAMBDA(fila, COUNTIF(fila, A62)>0)), 0)),"-")} -> Viajeros 5 | F62: 1 | G62: 1 | I62: =IF(COUNTIF(Hospedaje!$E$2:$S$32,A62)=1,"Sí",IF(COUNTIF(Hospedaje!$E$2:$S$32,A62)=0,"No","DUPLICADO")) -> Sí | J62: Batidor | K62: Sirviente (boticario) | AD62: Pasajero
A63: Agricultor random 1 | C63: Agricultor | E63: {=IFERROR(INDEX(Hospedaje!$A$2:$A$32, MATCH(TRUE, BYROW(Hospedaje!$E$2:$S$32, LAMBDA(fila, COUNTIF(fila, A63)>0)), 0)),"-")} -> Viajeros 3 | F63: 1 | G63: 1 | H63: 10 | I63: =IF(COUNTIF(Hospedaje!$E$2:$S$32,A63)=1,"Sí",IF(COUNTIF(Hospedaje!$E$2:$S$32,A63)=0,"No","DUPLICADO")) -> Sí | J63: Agricultor | AD63: Pasajero
A64: Agricultor random 2 | C64: Agricultor | E64: {=IFERROR(INDEX(Hospedaje!$A$2:$A$32, MATCH(TRUE, BYROW(Hospedaje!$E$2:$S$32, LAMBDA(fila, COUNTIF(fila, A64)>0)), 0)),"-")} -> Viajeros 3 | F64: 1 | G64: 1 | H64: 10 | I64: =IF(COUNTIF(Hospedaje!$E$2:$S$32,A64)=1,"Sí",IF(COUNTIF(Hospedaje!$E$2:$S$32,A64)=0,"No","DUPLICADO")) -> Sí | J64: Agricultor | AD64: Pasajero
A65: Conduct random 1 | C65: Carretero | E65: {=IFERROR(INDEX(Hospedaje!$A$2:$A$32, MATCH(TRUE, BYROW(Hospedaje!$E$2:$S$32, LAMBDA(fila, COUNTIF(fila, A65)>0)), 0)),"-")} -> Viajeros 3 | F65: 1 | G65: 1 | H65: 10 | I65: =IF(COUNTIF(Hospedaje!$E$2:$S$32,A65)=1,"Sí",IF(COUNTIF(Hospedaje!$E$2:$S$32,A65)=0,"No","DUPLICADO")) -> Sí | J65: Carretero | AD65: Pasajero
A66: Conduct random 2 | C66: Carretero | E66: {=IFERROR(INDEX(Hospedaje!$A$2:$A$32, MATCH(TRUE, BYROW(Hospedaje!$E$2:$S$32, LAMBDA(fila, COUNTIF(fila, A66)>0)), 0)),"-")} -> Viajeros 4 | F66: 1 | G66: 1 | H66: 10 | I66: =IF(COUNTIF(Hospedaje!$E$2:$S$32,A66)=1,"Sí",IF(COUNTIF(Hospedaje!$E$2:$S$32,A66)=0,"No","DUPLICADO")) -> Sí | J66: Carretero | AD66: Pasajero
A67: Conduct random 3 | C67: Carretero | E67: {=IFERROR(INDEX(Hospedaje!$A$2:$A$32, MATCH(TRUE, BYROW(Hospedaje!$E$2:$S$32, LAMBDA(fila, COUNTIF(fila, A67)>0)), 0)),"-")} -> Viajeros 5 | F67: 1 | G67: 1 | H67: 10 | I67: =IF(COUNTIF(Hospedaje!$E$2:$S$32,A67)=1,"Sí",IF(COUNTIF(Hospedaje!$E$2:$S$32,A67)=0,"No","DUPLICADO")) -> Sí | J67: Carretero | AD67: Pasajero
A68: Conduct random 4 | C68: Carretero | E68: {=IFERROR(INDEX(Hospedaje!$A$2:$A$32, MATCH(TRUE, BYROW(Hospedaje!$E$2:$S$32, LAMBDA(fila, COUNTIF(fila, A68)>0)), 0)),"-")} -> Viajeros 3 | F68: 1 | G68: 1 | H68: 10 | I68: =IF(COUNTIF(Hospedaje!$E$2:$S$32,A68)=1,"Sí",IF(COUNTIF(Hospedaje!$E$2:$S$32,A68)=0,"No","DUPLICADO")) -> Sí | J68: Carretero | AD68: Pasajero
A69: Conduct random 5 | C69: Carretero | E69: {=IFERROR(INDEX(Hospedaje!$A$2:$A$32, MATCH(TRUE, BYROW(Hospedaje!$E$2:$S$32, LAMBDA(fila, COUNTIF(fila, A69)>0)), 0)),"-")} -> Viajeros 2 | F69: 1 | G69: 1 | H69: 10 | I69: =IF(COUNTIF(Hospedaje!$E$2:$S$32,A69)=1,"Sí",IF(COUNTIF(Hospedaje!$E$2:$S$32,A69)=0,"No","DUPLICADO")) -> Sí | J69: Carretero | AD69: Pasajero
A70: Conduct random 6 | C70: Carretero | E70: {=IFERROR(INDEX(Hospedaje!$A$2:$A$32, MATCH(TRUE, BYROW(Hospedaje!$E$2:$S$32, LAMBDA(fila, COUNTIF(fila, A70)>0)), 0)),"-")} -> Viajeros 1 | F70: 1 | G70: 1 | H70: 10 | I70: =IF(COUNTIF(Hospedaje!$E$2:$S$32,A70)=1,"Sí",IF(COUNTIF(Hospedaje!$E$2:$S$32,A70)=0,"No","DUPLICADO")) -> Sí | J70: Carretero | AD70: Pasajero
A71: Conduct random 7 | C71: Carretero | E71: {=IFERROR(INDEX(Hospedaje!$A$2:$A$32, MATCH(TRUE, BYROW(Hospedaje!$E$2:$S$32, LAMBDA(fila, COUNTIF(fila, A71)>0)), 0)),"-")} -> Viajeros 2 | F71: 1 | G71: 1 | H71: 10 | I71: =IF(COUNTIF(Hospedaje!$E$2:$S$32,A71)=1,"Sí",IF(COUNTIF(Hospedaje!$E$2:$S$32,A71)=0,"No","DUPLICADO")) -> Sí | J71: Carretero | AD71: Pasajero
A72: Conduct random 8 | C72: Carretero | E72: {=IFERROR(INDEX(Hospedaje!$A$2:$A$32, MATCH(TRUE, BYROW(Hospedaje!$E$2:$S$32, LAMBDA(fila, COUNTIF(fila, A72)>0)), 0)),"-")} -> Viajeros 3 | F72: 1 | G72: 1 | H72: 10 | I72: =IF(COUNTIF(Hospedaje!$E$2:$S$32,A72)=1,"Sí",IF(COUNTIF(Hospedaje!$E$2:$S$32,A72)=0,"No","DUPLICADO")) -> Sí | J72: Carretero | AD72: Pasajero
A73: Conduct random 9 | C73: Carretero | E73: {=IFERROR(INDEX(Hospedaje!$A$2:$A$32, MATCH(TRUE, BYROW(Hospedaje!$E$2:$S$32, LAMBDA(fila, COUNTIF(fila, A73)>0)), 0)),"-")} -> Viajeros 4 | F73: 1 | G73: 1 | H73: 10 | I73: =IF(COUNTIF(Hospedaje!$E$2:$S$32,A73)=1,"Sí",IF(COUNTIF(Hospedaje!$E$2:$S$32,A73)=0,"No","DUPLICADO")) -> Sí | J73: Carretero | AD73: Pasajero
A74: Conduct random 10 | C74: Carretero | E74: {=IFERROR(INDEX(Hospedaje!$A$2:$A$32, MATCH(TRUE, BYROW(Hospedaje!$E$2:$S$32, LAMBDA(fila, COUNTIF(fila, A74)>0)), 0)),"-")} -> Viajeros 5 | F74: 1 | G74: 1 | H74: 10 | I74: =IF(COUNTIF(Hospedaje!$E$2:$S$32,A74)=1,"Sí",IF(COUNTIF(Hospedaje!$E$2:$S$32,A74)=0,"No","DUPLICADO")) -> Sí | J74: Carretero | AD74: Pasajero
... A76: Conduct random 12 | C76: Carretero | E76: {=IFERROR(INDEX(Hospedaje!$A$2:$A$32, MATCH(TRUE, BYROW(Hospedaje!$E$2:$S$32, LAMBDA(fila, COUNTIF(fila, A76)>0)), 0)),"-")} -> Viajeros 4 | F76: 1 | G76: 1 | H76: 10 | I76: =IF(COUNTIF(Hospedaje!$E$2:$S$32,A76)=1,"Sí",IF(COUNTIF(Hospedaje!$E$2:$S$32,A76)=0,"No","DUPLICADO")) -> Sí | J76: Carretero | AD76: Pasajero
A77: Uksahkka | B77: "Hermana" de Ulf | C77: Pasajero | E77: {=IFERROR(INDEX(Hospedaje!$A$2:$A$32, MATCH(TRUE, BYROW(Hospedaje!$E$2:$S$32, LAMBDA(fila, COUNTIF(fila, A77)>0)), 0)),"-")} -> Viajeros 4 | F77: 1 | G77: 1 | I77: =IF(COUNTIF(Hospedaje!$E$2:$S$32,A77)=1,"Sí",IF(COUNTIF(Hospedaje!$E$2:$S$32,A77)=0,"No","DUPLICADO")) -> Sí | J77: Batidor | K77: Explorador nocturno | L77: Carrero | M77: Carretero | N77: Guía | O77: Domador | P77: Meteorólogo | Q77: Sanador | R77: Nevero | AD77: Pasajero
A78: Yak | C78: Animales de tiro | E78: {=IFERROR(INDEX(Hospedaje!$A$2:$A$32, MATCH(TRUE, BYROW(Hospedaje!$E$2:$S$32, LAMBDA(fila, COUNTIF(fila, A78)>0)), 0)),"-")} -> Zoo | F78: 0 | G78: 2 | I78: =IF(COUNTIF(Hospedaje!$E$2:$S$32,A78)=1,"Sí",IF(COUNTIF(Hospedaje!$E$2:$S$32,A78)=0,"No","DUPLICADO")) -> Sí | J78: Animales de tiro | AD78: Pasajero
A79: Perro de Renji | C79: Pasajero | E79: {=IFERROR(INDEX(Hospedaje!$A$2:$A$32, MATCH(TRUE, BYROW(Hospedaje!$E$2:$S$32, LAMBDA(fila, COUNTIF(fila, A79)>0)), 0)),"-")} -> Cómodo 1 | F79: 1 | G79: 0.5 | I79: =IF(COUNTIF(Hospedaje!$E$2:$S$32,A79)=1,"Sí",IF(COUNTIF(Hospedaje!$E$2:$S$32,A79)=0,"No","DUPLICADO")) -> Sí | J79: Guarda | K79: Explorador nocturno | L79: Batidor | AD79: Pasajero
A80: Akane | B80: Tía abuela de Renji | C80: Pasajero | E80: {=IFERROR(INDEX(Hospedaje!$A$2:$A$32, MATCH(TRUE, BYROW(Hospedaje!$E$2:$S$32, LAMBDA(fila, COUNTIF(fila, A80)>0)), 0)),"-")} -> Viajeros 2 | F80: 1 | G80: 1 | I80: =IF(COUNTIF(Hospedaje!$E$2:$S$32,A80)=1,"Sí",IF(COUNTIF(Hospedaje!$E$2:$S$32,A80)=0,"No","DUPLICADO")) -> Sí | J80: Adivino | K80: Boticario | L80: Comediante | M80: Cronista | N80: Domador | O80: Instructor | P80: Lanzador de conjuros | Q80: Meteorólogo | R80: Profesor | S80: Sanador | AD80: Pasajero
A81: Thriss | B81: Nycarr (Linnorm) | C81: Pasajero | E81: {=IFERROR(INDEX(Hospedaje!$A$2:$A$32, MATCH(TRUE, BYROW(Hospedaje!$E$2:$S$32, LAMBDA(fila, COUNTIF(fila, A81)>0)), 0)),"-")} -> Zoo | F81: 0 | G81: 0 | I81: =IF(COUNTIF(Hospedaje!$E$2:$S$32,A81)=1,"Sí",IF(COUNTIF(Hospedaje!$E$2:$S$32,A81)=0,"No","DUPLICADO")) -> Sí | J81: Guarda | K81: Explorador nocturno | AD81: Pasajero
A82: Soki Mogu | B82: Tengu | C82: Pasajero | E82: {=IFERROR(INDEX(Hospedaje!$A$2:$A$32, MATCH(TRUE, BYROW(Hospedaje!$E$2:$S$32, LAMBDA(fila, COUNTIF(fila, A82)>0)), 0)),"-")} -> Viajeros 4 | F82: 1 | G82: 1 | I82: =IF(COUNTIF(Hospedaje!$E$2:$S$32,A82)=1,"Sí",IF(COUNTIF(Hospedaje!$E$2:$S$32,A82)=0,"No","DUPLICADO")) -> Sí | J82: Guarda | K82: Explorador nocturno | L82: Batidor | M82: Nevero | N82: Leñador | O82: Domador | AD82: Pasajero
E83: {=IFERROR(INDEX(Hospedaje!$A$2:$A$32, MATCH(TRUE, BYROW(Hospedaje!$E$2:$S$32, LAMBDA(fila, COUNTIF(fila, A83)>0)), 0)),"-")} -> - | I83: =IF(COUNTIF(Hospedaje!$E$2:$S$32,A83)=1,"Sí",IF(COUNTIF(Hospedaje!$E$2:$S$32,A83)=0,"No","DUPLICADO")) -> No | AD83: Pasajero
E84: {=IFERROR(INDEX(Hospedaje!$A$2:$A$32, MATCH(TRUE, BYROW(Hospedaje!$E$2:$S$32, LAMBDA(fila, COUNTIF(fila, A84)>0)), 0)),"-")} -> - | I84: =IF(COUNTIF(Hospedaje!$E$2:$S$32,A84)=1,"Sí",IF(COUNTIF(Hospedaje!$E$2:$S$32,A84)=0,"No","DUPLICADO")) -> No | AD84: Pasajero
E85: {=IFERROR(INDEX(Hospedaje!$A$2:$A$32, MATCH(TRUE, BYROW(Hospedaje!$E$2:$S$32, LAMBDA(fila, COUNTIF(fila, A85)>0)), 0)),"-")} -> - | I85: =IF(COUNTIF(Hospedaje!$E$2:$S$32,A85)=1,"Sí",IF(COUNTIF(Hospedaje!$E$2:$S$32,A85)=0,"No","DUPLICADO")) -> No | AD85: Pasajero
E86: {=IFERROR(INDEX(Hospedaje!$A$2:$A$32, MATCH(TRUE, BYROW(Hospedaje!$E$2:$S$32, LAMBDA(fila, COUNTIF(fila, A86)>0)), 0)),"-")} -> - | I86: =IF(COUNTIF(Hospedaje!$E$2:$S$32,A86)=1,"Sí",IF(COUNTIF(Hospedaje!$E$2:$S$32,A86)=0,"No","DUPLICADO")) -> No | AD86: Pasajero
E87: {=IFERROR(INDEX(Hospedaje!$A$2:$A$32, MATCH(TRUE, BYROW(Hospedaje!$E$2:$S$32, LAMBDA(fila, COUNTIF(fila, A87)>0)), 0)),"-")} -> - | I87: =IF(COUNTIF(Hospedaje!$E$2:$S$32,A87)=1,"Sí",IF(COUNTIF(Hospedaje!$E$2:$S$32,A87)=0,"No","DUPLICADO")) -> No | AD87: Pasajero
E88: {=IFERROR(INDEX(Hospedaje!$A$2:$A$32, MATCH(TRUE, BYROW(Hospedaje!$E$2:$S$32, LAMBDA(fila, COUNTIF(fila, A88)>0)), 0)),"-")} -> - | I88: =IF(COUNTIF(Hospedaje!$E$2:$S$32,A88)=1,"Sí",IF(COUNTIF(Hospedaje!$E$2:$S$32,A88)=0,"No","DUPLICADO")) -> No | AD88: Pasajero
E89: {=IFERROR(INDEX(Hospedaje!$A$2:$A$32, MATCH(TRUE, BYROW(Hospedaje!$E$2:$S$32, LAMBDA(fila, COUNTIF(fila, A89)>0)), 0)),"-")} -> - | I89: =IF(COUNTIF(Hospedaje!$E$2:$S$32,A89)=1,"Sí",IF(COUNTIF(Hospedaje!$E$2:$S$32,A89)=0,"No","DUPLICADO")) -> No | AD89: Pasajero
E90: {=IFERROR(INDEX(Hospedaje!$A$2:$A$32, MATCH(TRUE, BYROW(Hospedaje!$E$2:$S$32, LAMBDA(fila, COUNTIF(fila, A90)>0)), 0)),"-")} -> - | I90: =IF(COUNTIF(Hospedaje!$E$2:$S$32,A90)=1,"Sí",IF(COUNTIF(Hospedaje!$E$2:$S$32,A90)=0,"No","DUPLICADO")) -> No | AD90: Pasajero
E91: {=IFERROR(INDEX(Hospedaje!$A$2:$A$32, MATCH(TRUE, BYROW(Hospedaje!$E$2:$S$32, LAMBDA(fila, COUNTIF(fila, A91)>0)), 0)),"-")} -> - | I91: =IF(COUNTIF(Hospedaje!$E$2:$S$32,A91)=1,"Sí",IF(COUNTIF(Hospedaje!$E$2:$S$32,A91)=0,"No","DUPLICADO")) -> No | AD91: Pasajero
E92: {=IFERROR(INDEX(Hospedaje!$A$2:$A$32, MATCH(TRUE, BYROW(Hospedaje!$E$2:$S$32, LAMBDA(fila, COUNTIF(fila, A92)>0)), 0)),"-")} -> - | I92: =IF(COUNTIF(Hospedaje!$E$2:$S$32,A92)=1,"Sí",IF(COUNTIF(Hospedaje!$E$2:$S$32,A92)=0,"No","DUPLICADO")) -> No | AD92: Pasajero
E93: {=IFERROR(INDEX(Hospedaje!$A$2:$A$32, MATCH(TRUE, BYROW(Hospedaje!$E$2:$S$32, LAMBDA(fila, COUNTIF(fila, A93)>0)), 0)),"-")} -> - | I93: =IF(COUNTIF(Hospedaje!$E$2:$S$32,A93)=1,"Sí",IF(COUNTIF(Hospedaje!$E$2:$S$32,A93)=0,"No","DUPLICADO")) -> No | AD93: Pasajero
E94: {=IFERROR(INDEX(Hospedaje!$A$2:$A$32, MATCH(TRUE, BYROW(Hospedaje!$E$2:$S$32, LAMBDA(fila, COUNTIF(fila, A94)>0)), 0)),"-")} -> - | I94: =IF(COUNTIF(Hospedaje!$E$2:$S$32,A94)=1,"Sí",IF(COUNTIF(Hospedaje!$E$2:$S$32,A94)=0,"No","DUPLICADO")) -> No | AD94: Pasajero
... E102: {=IFERROR(INDEX(Hospedaje!$A$2:$A$32, MATCH(TRUE, BYROW(Hospedaje!$E$2:$S$32, LAMBDA(fila, COUNTIF(fila, A102)>0)), 0)),"-")} -> - | I102: =IF(COUNTIF(Hospedaje!$E$2:$S$32,A102)=1,"Sí",IF(COUNTIF(Hospedaje!$E$2:$S$32,A102)=0,"No","DUPLICADO")) -> No | AD102: Pasajero

Sheet Carros
A1: Carro | D1: Aguante | J1: Propulsión | P1: Consumo | S1: Pasajeros | V1: Carga
D2: PG | G2: Dureza | J2: Fuerza | M2: Criaturas máxima
A3: Nombre | B3: Tipo Carro | C3: Mejoras | D3: TOTAL | E3: Base | F3: Mejora | G3: TOTAL | H3: Base | I3: Mejora | J3: TOTAL | K3: Base | L3: Mejora | M3: TOTAL | N3: Base | O3: Mejora | P3: TOTAL | Q3: Base | R3: Mejora | S3: TOTAL | T3: Base | U3: Mejora | V3: TOTAL | W3: Base | X3: Mejora
A4: Viajeros 1 | B4: Carro de viajeros | D4: =E4+F4 -> 60 | E4: =IFERROR(VLOOKUP(B4,'Lista Carros'!$A$3:$K$26, 3, FALSE),0) -> 60 | G4: =H4+I4 -> 5 | H4: =IFERROR(VLOOKUP(B4,'Lista Carros'!$A$3:$K$26, 4, FALSE),0) -> 5 | J4: =K4+L4 -> 10 | K4: =IFERROR(VLOOKUP(B4,'Lista Carros'!$A$3:$K$26, 5, FALSE),0) -> 10 | M4: =N4+O4 -> 2 | N4: =IFERROR(VLOOKUP(B4,'Lista Carros'!$A$3:$K$26, 6, FALSE),0) -> 2 | P4: =Q4+R4 -> 2 | Q4: =IFERROR(VLOOKUP(B4,'Lista Carros'!$A$3:$K$26, 8, FALSE),0) -> 2 | S4: =T4+U4 -> 8 | T4: =IFERROR(VLOOKUP(B4,'Lista Carros'!$A$3:$K$26, 9, FALSE),0) -> 8 | V4: =W4+X4 -> 5 | W4: =IFERROR(VLOOKUP(B4,'Lista Carros'!$A$3:$K$26, 10, FALSE),0) -> 4 | X4: =TRUNC(W4*0.3) -> 1
A5: Viajeros 2 | B5: Carro de viajeros | D5: =E5+F5 -> 60 | E5: =IFERROR(VLOOKUP(B5,'Lista Carros'!$A$3:$K$26, 3, FALSE),0) -> 60 | G5: =H5+I5 -> 5 | H5: =IFERROR(VLOOKUP(B5,'Lista Carros'!$A$3:$K$26, 4, FALSE),0) -> 5 | J5: =K5+L5 -> 10 | K5: =IFERROR(VLOOKUP(B5,'Lista Carros'!$A$3:$K$26, 5, FALSE),0) -> 10 | M5: =N5+O5 -> 2 | N5: =IFERROR(VLOOKUP(B5,'Lista Carros'!$A$3:$K$26, 6, FALSE),0) -> 2 | P5: =Q5+R5 -> 2 | Q5: =IFERROR(VLOOKUP(B5,'Lista Carros'!$A$3:$K$26, 8, FALSE),0) -> 2 | S5: =T5+U5 -> 8 | T5: =IFERROR(VLOOKUP(B5,'Lista Carros'!$A$3:$K$26, 9, FALSE),0) -> 8 | V5: =W5+X5 -> 5 | W5: =IFERROR(VLOOKUP(B5,'Lista Carros'!$A$3:$K$26, 10, FALSE),0) -> 4 | X5: =TRUNC(W5*0.3) -> 1
A6: Viajeros 3 | B6: Carro de viajeros | D6: =E6+F6 -> 60 | E6: =IFERROR(VLOOKUP(B6,'Lista Carros'!$A$3:$K$26, 3, FALSE),0) -> 60 | G6: =H6+I6 -> 5 | H6: =IFERROR(VLOOKUP(B6,'Lista Carros'!$A$3:$K$26, 4, FALSE),0) -> 5 | J6: =K6+L6 -> 10 | K6: =IFERROR(VLOOKUP(B6,'Lista Carros'!$A$3:$K$26, 5, FALSE),0) -> 10 | M6: =N6+O6 -> 2 | N6: =IFERROR(VLOOKUP(B6,'Lista Carros'!$A$3:$K$26, 6, FALSE),0) -> 2 | P6: =Q6+R6 -> 2 | Q6: =IFERROR(VLOOKUP(B6,'Lista Carros'!$A$3:$K$26, 8, FALSE),0) -> 2 | S6: =T6+U6 -> 8 | T6: =IFERROR(VLOOKUP(B6,'Lista Carros'!$A$3:$K$26, 9, FALSE),0) -> 8 | V6: =W6+X6 -> 5 | W6: =IFERROR(VLOOKUP(B6,'Lista Carros'!$A$3:$K$26, 10, FALSE),0) -> 4 | X6: =TRUNC(W6*0.3) -> 1
A7: Viajeros 4 | B7: Carro de viajeros | D7: =E7+F7 -> 60 | E7: =IFERROR(VLOOKUP(B7,'Lista Carros'!$A$3:$K$26, 3, FALSE),0) -> 60 | G7: =H7+I7 -> 5 | H7: =IFERROR(VLOOKUP(B7,'Lista Carros'!$A$3:$K$26, 4, FALSE),0) -> 5 | J7: =K7+L7 -> 10 | K7: =IFERROR(VLOOKUP(B7,'Lista Carros'!$A$3:$K$26, 5, FALSE),0) -> 10 | M7: =N7+O7 -> 2 | N7: =IFERROR(VLOOKUP(B7,'Lista Carros'!$A$3:$K$26, 6, FALSE),0) -> 2 | P7: =Q7+R7 -> 2 | Q7: =IFERROR(VLOOKUP(B7,'Lista Carros'!$A$3:$K$26, 8, FALSE),0) -> 2 | S7: =T7+U7 -> 8 | T7: =IFERROR(VLOOKUP(B7,'Lista Carros'!$A$3:$K$26, 9, FALSE),0) -> 8 | V7: =W7+X7 -> 5 | W7: =IFERROR(VLOOKUP(B7,'Lista Carros'!$A$3:$K$26, 10, FALSE),0) -> 4 | X7: =TRUNC(W7*0.3) -> 1
A8: Viajeros 5 | B8: Carro de viajeros | D8: =E8+F8 -> 60 | E8: =IFERROR(VLOOKUP(B8,'Lista Carros'!$A$3:$K$26, 3, FALSE),0) -> 60 | G8: =H8+I8 -> 5 | H8: =IFERROR(VLOOKUP(B8,'Lista Carros'!$A$3:$K$26, 4, FALSE),0) -> 5 | J8: =K8+L8 -> 10 | K8: =IFERROR(VLOOKUP(B8,'Lista Carros'!$A$3:$K$26, 5, FALSE),0) -> 10 | M8: =N8+O8 -> 2 | N8: =IFERROR(VLOOKUP(B8,'Lista Carros'!$A$3:$K$26, 6, FALSE),0) -> 2 | P8: =Q8+R8 -> 2 | Q8: =IFERROR(VLOOKUP(B8,'Lista Carros'!$A$3:$K$26, 8, FALSE),0) -> 2 | S8: =T8+U8 -> 8 | T8: =IFERROR(VLOOKUP(B8,'Lista Carros'!$A$3:$K$26, 9, FALSE),0) -> 8 | V8: =W8+X8 -> 5 | W8: =IFERROR(VLOOKUP(B8,'Lista Carros'!$A$3:$K$26, 10, FALSE),0) -> 4 | X8: =TRUNC(W8*0.3) -> 1
A9: Prisioneros | B9: Carro de prisioneros | D9: =E9+F9 -> 60 | E9: =IFERROR(VLOOKUP(B9,'Lista Carros'!$A$3:$K$26, 3, FALSE),0) -> 60 | G9: =H9+I9 -> 5 | H9: =IFERROR(VLOOKUP(B9,'Lista Carros'!$A$3:$K$26, 4, FALSE),0) -> 5 | J9: =K9+L9 -> 5 | K9: =IFERROR(VLOOKUP(B9,'Lista Carros'!$A$3:$K$26, 5, FALSE),0) -> 5 | M9: =N9+O9 -> 1 | N9: =IFERROR(VLOOKUP(B9,'Lista Carros'!$A$3:$K$26, 6, FALSE),0) -> 1 | P9: =Q9+R9 -> 2 | Q9: =IFERROR(VLOOKUP(B9,'Lista Carros'!$A$3:$K$26, 8, FALSE),0) -> 2 | S9: =T9+U9 -> 10 | T9: =IFERROR(VLOOKUP(B9,'Lista Carros'!$A$3:$K$26, 9, FALSE),0) -> 10 | V9: =W9+X9 -> 2 | W9: =IFERROR(VLOOKUP(B9,'Lista Carros'!$A$3:$K$26, 10, FALSE),0) -> 2 | X9: =TRUNC(W9*0.3) -> 0
A10: Zoo | B10: Carro zoológico | D10: =E10+F10 -> 60 | E10: =IFERROR(VLOOKUP(B10,'Lista Carros'!$A$3:$K$26, 3, FALSE),0) -> 60 | G10: =H10+I10 -> 5 | H10: =IFERROR(VLOOKUP(B10,'Lista Carros'!$A$3:$K$26, 4, FALSE),0) -> 5 | J10: =K10+L10 -> 5 | K10: =IFERROR(VLOOKUP(B10,'Lista Carros'!$A$3:$K$26, 5, FALSE),0) -> 5 | M10: =N10+O10 -> 1 | N10: =IFERROR(VLOOKUP(B10,'Lista Carros'!$A$3:$K$26, 6, FALSE),0) -> 1 | P10: =Q10+R10 -> 2 | Q10: =IFERROR(VLOOKUP(B10,'Lista Carros'!$A$3:$K$26, 8, FALSE),0) -> 2 | S10: =T10+U10 -> 10 | T10: =IFERROR(VLOOKUP(B10,'Lista Carros'!$A$3:$K$26, 9, FALSE),0) -> 10 | V10: =W10+X10 -> 2 | W10: =IFERROR(VLOOKUP(B10,'Lista Carros'!$A$3:$K$26, 10, FALSE),0) -> 2 | X10: =TRUNC(W10*0.3) -> 0
A11: Familias Kalsgard | B11: Carruaje familiar | D11: =E11+F11 -> 60 | E11: =IFERROR(VLOOKUP(B11,'Lista Carros'!$A$3:$K$26, 3, FALSE),0) -> 60 | G11: =H11+I11 -> 5 | H11: =IFERROR(VLOOKUP(B11,'Lista Carros'!$A$3:$K$26, 4, FALSE),0) -> 5 | J11: =K11+L11 -> 10 | K11: =IFERROR(VLOOKUP(B11,'Lista Carros'!$A$3:$K$26, 5, FALSE),0) -> 10 | M11: =N11+O11 -> 2 | N11: =IFERROR(VLOOKUP(B11,'Lista Carros'!$A$3:$K$26, 6, FALSE),0) -> 2 | P11: =Q11+R11 -> 2 | Q11: =IFERROR(VLOOKUP(B11,'Lista Carros'!$A$3:$K$26, 8, FALSE),0) -> 2 | S11: =T11+U11 -> 6 | T11: =IFERROR(VLOOKUP(B11,'Lista Carros'!$A$3:$K$26, 9, FALSE),0) -> 6 | V11: =W11+X11 -> 5 | W11: =IFERROR(VLOOKUP(B11,'Lista Carros'!$A$3:$K$26, 10, FALSE),0) -> 4 | X11: =TRUNC(W11*0.3) -> 1
A12: Mercancías Hierro | B12: Carro de mercancías | D12: =E12+F12 -> 60 | E12: =IFERROR(VLOOKUP(B12,'Lista Carros'!$A$3:$K$26, 3, FALSE),0) -> 60 | G12: =H12+I12 -> 5 | H12: =IFERROR(VLOOKUP(B12,'Lista Carros'!$A$3:$K$26, 4, FALSE),0) -> 5 | J12: =K12+L12 -> 10 | K12: =IFERROR(VLOOKUP(B12,'Lista Carros'!$A$3:$K$26, 5, FALSE),0) -> 10 | M12: =N12+O12 -> 2 | N12: =IFERROR(VLOOKUP(B12,'Lista Carros'!$A$3:$K$26, 6, FALSE),0) -> 2 | P12: =Q12+R12 -> 1 | Q12: =IFERROR(VLOOKUP(B12,'Lista Carros'!$A$3:$K$26, 8, FALSE),0) -> 1 | S12: =T12+U12 -> 1 | T12: =IFERROR(VLOOKUP(B12,'Lista Carros'!$A$3:$K$26, 9, FALSE),0) -> 1 | V12: =W12+X12 -> 13 | W12: =IFERROR(VLOOKUP(B12,'Lista Carros'!$A$3:$K$26, 10, FALSE),0) -> 10 | X12: =TRUNC(W12*0.3) -> 3
A13: Mercancías General | B13: Carro de mercancías | D13: =E13+F13 -> 60 | E13: =IFERROR(VLOOKUP(B13,'Lista Carros'!$A$3:$K$26, 3, FALSE),0) -> 60 | G13: =H13+I13 -> 5 | H13: =IFERROR(VLOOKUP(B13,'Lista Carros'!$A$3:$K$26, 4, FALSE),0) -> 5 | J13: =K13+L13 -> 10 | K13: =IFERROR(VLOOKUP(B13,'Lista Carros'!$A$3:$K$26, 5, FALSE),0) -> 10 | M13: =N13+O13 -> 2 | N13: =IFERROR(VLOOKUP(B13,'Lista Carros'!$A$3:$K$26, 6, FALSE),0) -> 2 | P13: =Q13+R13 -> 1 | Q13: =IFERROR(VLOOKUP(B13,'Lista Carros'!$A$3:$K$26, 8, FALSE),0) -> 1 | S13: =T13+U13 -> 1 | T13: =IFERROR(VLOOKUP(B13,'Lista Carros'!$A$3:$K$26, 9, FALSE),0) -> 1 | V13: =W13+X13 -> 13 | W13: =IFERROR(VLOOKUP(B13,'Lista Carros'!$A$3:$K$26, 10, FALSE),0) -> 10 | X13: =TRUNC(W13*0.3) -> 3
A14: Mercancías Punta Arena | B14: Carro de mercancías | D14: =E14+F14 -> 60 | E14: =IFERROR(VLOOKUP(B14,'Lista Carros'!$A$3:$K$26, 3, FALSE),0) -> 60 | G14: =H14+I14 -> 5 | H14: =IFERROR(VLOOKUP(B14,'Lista Carros'!$A$3:$K$26, 4, FALSE),0) -> 5 | J14: =K14+L14 -> 10 | K14: =IFERROR(VLOOKUP(B14,'Lista Carros'!$A$3:$K$26, 5, FALSE),0) -> 10 | M14: =N14+O14 -> 2 | N14: =IFERROR(VLOOKUP(B14,'Lista Carros'!$A$3:$K$26, 6, FALSE),0) -> 2 | P14: =Q14+R14 -> 1 | Q14: =IFERROR(VLOOKUP(B14,'Lista Carros'!$A$3:$K$26, 8, FALSE),0) -> 1 | S14: =T14+U14 -> 1 | T14: =IFERROR(VLOOKUP(B14,'Lista Carros'!$A$3:$K$26, 9, FALSE),0) -> 1 | V14: =W14+X14 -> 13 | W14: =IFERROR(VLOOKUP(B14,'Lista Carros'!$A$3:$K$26, 10, FALSE),0) -> 10 | X14: =TRUNC(W14*0.3) -> 3
A15: Mercancías Kalsgard | B15: Carro de mercancías específicas | D15: =E15+F15 -> 60 | E15: =IFERROR(VLOOKUP(B15,'Lista Carros'!$A$3:$K$26, 3, FALSE),0) -> 60 | G15: =H15+I15 -> 5 | H15: =IFERROR(VLOOKUP(B15,'Lista Carros'!$A$3:$K$26, 4, FALSE),0) -> 5 | J15: =K15+L15 -> 10 | K15: =IFERROR(VLOOKUP(B15,'Lista Carros'!$A$3:$K$26, 5, FALSE),0) -> 10 | M15: =N15+O15 -> 2 | N15: =IFERROR(VLOOKUP(B15,'Lista Carros'!$A$3:$K$26, 6, FALSE),0) -> 2 | P15: =Q15+R15 -> 1 | Q15: =IFERROR(VLOOKUP(B15,'Lista Carros'!$A$3:$K$26, 8, FALSE),0) -> 1 | S15: =T15+U15 -> 1 | T15: =IFERROR(VLOOKUP(B15,'Lista Carros'!$A$3:$K$26, 9, FALSE),0) -> 1 | V15: =W15+X15 -> 26 | W15: =IFERROR(VLOOKUP(B15,'Lista Carros'!$A$3:$K$26, 10, FALSE),0) -> 20 | X15: =TRUNC(W15*0.3) -> 6
... A27: Bar sin límites | B27: Carro taberna | D27: =E27+F27 -> 60 | E27: =IFERROR(VLOOKUP(B27,'Lista Carros'!$A$3:$K$26, 3, FALSE),0) -> 60 | G27: =H27+I27 -> 5 | H27: =IFERROR(VLOOKUP(B27,'Lista Carros'!$A$3:$K$26, 4, FALSE),0) -> 5 | J27: =K27+L27 -> 10 | K27: =IFERROR(VLOOKUP(B27,'Lista Carros'!$A$3:$K$26, 5, FALSE),0) -> 10 | M27: =N27+O27 -> 2 | N27: =IFERROR(VLOOKUP(B27,'Lista Carros'!$A$3:$K$26, 6, FALSE),0) -> 2 | P27: =Q27+R27 -> 2 | Q27: =IFERROR(VLOOKUP(B27,'Lista Carros'!$A$3:$K$26, 8, FALSE),0) -> 2 | S27: =T27+U27 -> 3 | T27: =IFERROR(VLOOKUP(B27,'Lista Carros'!$A$3:$K$26, 9, FALSE),0) -> 3 | V27: =W27+X27 -> 6 | W27: =IFERROR(VLOOKUP(B27,'Lista Carros'!$A$3:$K$26, 10, FALSE),0) -> 5 | X27: =TRUNC(W27*0.3) -> 1
A28: Cómodo 1 | B28: Carruaje cómodo | C28: Acorazado, espacio ampliado (viajeros) | D28: =E28+F28 -> 90 | E28: =IFERROR(VLOOKUP(B28,'Lista Carros'!$A$3:$K$26, 3, FALSE),0) -> 60 | F28: =E28*0.5 -> 30 | G28: =H28+I28 -> 10 | H28: =IFERROR(VLOOKUP(B28,'Lista Carros'!$A$3:$K$26, 4, FALSE),0) -> 5 | I28: 5 | J28: =K28+L28 -> 14 | K28: =IFERROR(VLOOKUP(B28,'Lista Carros'!$A$3:$K$26, 5, FALSE),0) -> 6 | L28: =K28+2 -> 8 | M28: =N28+O28 -> 2 | N28: =IFERROR(VLOOKUP(B28,'Lista Carros'!$A$3:$K$26, 6, FALSE),0) -> 1 | O28: 1 | P28: =Q28+R28 -> 2 | Q28: =IFERROR(VLOOKUP(B28,'Lista Carros'!$A$3:$K$26, 8, FALSE),0) -> 1 | R28: 1 | S28: =T28+U28 -> 5 | T28: =IFERROR(VLOOKUP(B28,'Lista Carros'!$A$3:$K$26, 9, FALSE),0) -> 4 | U28: =TRUNC(T28*0.25) -> 1 | V28: =W28+X28 -> 5 | W28: =IFERROR(VLOOKUP(B28,'Lista Carros'!$A$3:$K$26, 10, FALSE),0) -> 4 | X28: =TRUNC(W28*0.3) -> 1
A29: Cómodo 2 | B29: Carruaje cómodo | C29: Acorazado, espacio ampliado (viajeros) | D29: =E29+F29 -> 90 | E29: =IFERROR(VLOOKUP(B29,'Lista Carros'!$A$3:$K$26, 3, FALSE),0) -> 60 | F29: =E29*0.5 -> 30 | G29: =H29+I29 -> 10 | H29: =IFERROR(VLOOKUP(B29,'Lista Carros'!$A$3:$K$26, 4, FALSE),0) -> 5 | I29: 5 | J29: =K29+L29 -> 14 | K29: =IFERROR(VLOOKUP(B29,'Lista Carros'!$A$3:$K$26, 5, FALSE),0) -> 6 | L29: =K29+2 -> 8 | M29: =N29+O29 -> 2 | N29: =IFERROR(VLOOKUP(B29,'Lista Carros'!$A$3:$K$26, 6, FALSE),0) -> 1 | O29: 1 | P29: =Q29+R29 -> 2 | Q29: =IFERROR(VLOOKUP(B29,'Lista Carros'!$A$3:$K$26, 8, FALSE),0) -> 1 | R29: 1 | S29: =T29+U29 -> 5 | T29: =IFERROR(VLOOKUP(B29,'Lista Carros'!$A$3:$K$26, 9, FALSE),0) -> 4 | U29: =TRUNC(T29*0.25) -> 1 | V29: =W29+X29 -> 5 | W29: =IFERROR(VLOOKUP(B29,'Lista Carros'!$A$3:$K$26, 10, FALSE),0) -> 4 | X29: =TRUNC(W29*0.3) -> 1
A30: Real | B30: Carruaje real | C30: Acorazado | D30: =E30+F30 -> 120 | E30: =IFERROR(VLOOKUP(B30,'Lista Carros'!$A$3:$K$26, 3, FALSE),0) -> 80 | F30: =E30*0.5 -> 40 | G30: =H30+I30 -> 10 | H30: =IFERROR(VLOOKUP(B30,'Lista Carros'!$A$3:$K$26, 4, FALSE),0) -> 5 | I30: 5 | J30: =K30+L30 -> 18 | K30: =IFERROR(VLOOKUP(B30,'Lista Carros'!$A$3:$K$26, 5, FALSE),0) -> 8 | L30: =K30+2 -> 10 | M30: =N30+O30 -> 4 | N30: =IFERROR(VLOOKUP(B30,'Lista Carros'!$A$3:$K$26, 6, FALSE),0) -> 2 | O30: 2 | P30: =Q30+R30 -> 2 | Q30: =IFERROR(VLOOKUP(B30,'Lista Carros'!$A$3:$K$26, 8, FALSE),0) -> 2 | S30: =T30+U30 -> 3 | T30: =IFERROR(VLOOKUP(B30,'Lista Carros'!$A$3:$K$26, 9, FALSE),0) -> 3 | V30: =W30+X30 -> 2 | W30: =IFERROR(VLOOKUP(B30,'Lista Carros'!$A$3:$K$26, 10, FALSE),0) -> 2 | X30: =TRUNC(W30*0.3) -> 0
A31: Viajeros grande | B31: Carro de viajeros | C31: Espacio ampliado (viajero) | D31: =E31+F31 -> 60 | E31: =IFERROR(VLOOKUP(B31,'Lista Carros'!$A$3:$K$26, 3, FALSE),0) -> 60 | G31: =H31+I31 -> 5 | H31: =IFERROR(VLOOKUP(B31,'Lista Carros'!$A$3:$K$26, 4, FALSE),0) -> 5 | J31: =K31+L31 -> 12 | K31: =IFERROR(VLOOKUP(B31,'Lista Carros'!$A$3:$K$26, 5, FALSE),0) -> 10 | L31: 2 | M31: =N31+O31 -> 2 | N31: =IFERROR(VLOOKUP(B31,'Lista Carros'!$A$3:$K$26, 6, FALSE),0) -> 2 | P31: =Q31+R31 -> 2 | Q31: =IFERROR(VLOOKUP(B31,'Lista Carros'!$A$3:$K$26, 8, FALSE),0) -> 2 | S31: =T31+U31 -> 10 | T31: =IFERROR(VLOOKUP(B31,'Lista Carros'!$A$3:$K$26, 9, FALSE),0) -> 8 | U31: =TRUNC(T31*0.25) -> 2 | V31: =W31+X31 -> 5 | W31: =IFERROR(VLOOKUP(B31,'Lista Carros'!$A$3:$K$26, 10, FALSE),0) -> 4 | X31: =TRUNC(W31*0.3) -> 1
D32: =E32+F32 -> 0 | E32: =IFERROR(VLOOKUP(B32,'Lista Carros'!$A$3:$K$26, 3, FALSE),0) -> 0 | G32: =H32+I32 -> 0 | H32: =IFERROR(VLOOKUP(B32,'Lista Carros'!$A$3:$K$26, 4, FALSE),0) -> 0 | J32: =K32+L32 -> 0 | K32: =IFERROR(VLOOKUP(B32,'Lista Carros'!$A$3:$K$26, 5, FALSE),0) -> 0 | M32: =N32+O32 -> 0 | N32: =IFERROR(VLOOKUP(B32,'Lista Carros'!$A$3:$K$26, 6, FALSE),0) -> 0 | P32: =Q32+R32 -> 0 | Q32: =IFERROR(VLOOKUP(B32,'Lista Carros'!$A$3:$K$26, 8, FALSE),0) -> 0 | S32: =T32+U32 -> 0 | T32: =IFERROR(VLOOKUP(B32,'Lista Carros'!$A$3:$K$26, 9, FALSE),0) -> 0 | V32: =W32+X32 -> 0 | W32: =IFERROR(VLOOKUP(B32,'Lista Carros'!$A$3:$K$26, 10, FALSE),0) -> 0 | X32: =TRUNC(W32*0.3) -> 0
D33: =E33+F33 -> 0 | E33: =IFERROR(VLOOKUP(B33,'Lista Carros'!$A$3:$K$26, 3, FALSE),0) -> 0 | G33: =H33+I33 -> 0 | H33: =IFERROR(VLOOKUP(B33,'Lista Carros'!$A$3:$K$26, 4, FALSE),0) -> 0 | J33: =K33+L33 -> 0 | K33: =IFERROR(VLOOKUP(B33,'Lista Carros'!$A$3:$K$26, 5, FALSE),0) -> 0 | M33: =N33+O33 -> 0 | N33: =IFERROR(VLOOKUP(B33,'Lista Carros'!$A$3:$K$26, 6, FALSE),0) -> 0 | P33: =Q33+R33 -> 0 | Q33: =IFERROR(VLOOKUP(B33,'Lista Carros'!$A$3:$K$26, 8, FALSE),0) -> 0 | S33: =T33+U33 -> 0 | T33: =IFERROR(VLOOKUP(B33,'Lista Carros'!$A$3:$K$26, 9, FALSE),0) -> 0 | V33: =W33+X33 -> 0 | W33: =IFERROR(VLOOKUP(B33,'Lista Carros'!$A$3:$K$26, 10, FALSE),0) -> 0 | X33: =TRUNC(W33*0.3) -> 0
D34: =E34+F34 -> 0 | E34: =IFERROR(VLOOKUP(B34,'Lista Carros'!$A$3:$K$26, 3, FALSE),0) -> 0 | G34: =H34+I34 -> 0 | H34: =IFERROR(VLOOKUP(B34,'Lista Carros'!$A$3:$K$26, 4, FALSE),0) -> 0 | J34: =K34+L34 -> 0 | K34: =IFERROR(VLOOKUP(B34,'Lista Carros'!$A$3:$K$26, 5, FALSE),0) -> 0 | M34: =N34+O34 -> 0 | N34: =IFERROR(VLOOKUP(B34,'Lista Carros'!$A$3:$K$26, 6, FALSE),0) -> 0 | P34: =Q34+R34 -> 0 | Q34: =IFERROR(VLOOKUP(B34,'Lista Carros'!$A$3:$K$26, 8, FALSE),0) -> 0 | S34: =T34+U34 -> 0 | T34: =IFERROR(VLOOKUP(B34,'Lista Carros'!$A$3:$K$26, 9, FALSE),0) -> 0 | V34: =W34+X34 -> 0 | W34: =IFERROR(VLOOKUP(B34,'Lista Carros'!$A$3:$K$26, 10, FALSE),0) -> 0 | X34: =TRUNC(W34*0.3) -> 0

Sheet Hospedaje
A1: Carro | B1: Pasajeros máximo | C1: Pasajeros actuales | D1: Consumo por pasajeros | E1: 1 | F1: =E1+1 -> 2 | G1: =F1+1 -> 3 | H1: =G1+1 -> 4 | I1: =H1+1 -> 5 | J1: =I1+1 -> 6 | K1: =J1+1 -> 7 | L1: =K1+1 -> 8 | M1: =L1+1 -> 9 | ... S1: =R1+1 -> 15
A2: =Caravana!A4 -> Viajeros 1 | B2: =IFERROR(VLOOKUP($A2,Carros!$1:$34, 19, FALSE),"") -> 8 | C2: ='Ocupación Carro-Viajeros'!B2 -> 8 | D2: ='Consumo Carro-Viajeros'!B2 -> 8 | E2: Bevelek | F2: Vankor | G2: Velani Korrast | H2: Seya Numari | I2: Ormund Gevren | J2: Caurrin Whesterwill | K2: krixi cincadientes | L2: Conduct random 6
A3: =Caravana!A5 -> Viajeros 2 | B3: =IFERROR(VLOOKUP($A3,Carros!$1:$34, 19, FALSE),"") -> 8 | C3: ='Ocupación Carro-Viajeros'!B3 -> 7 | D3: ='Consumo Carro-Viajeros'!B3 -> 7 | E3: Halvard Kaelvik | F3: Perrin Holbrook | G3: Eilvarr | H3: Brindelvasthimir Quillopon Dranzibandor | I3: Conduct random 5 | J3: Conduct random 7 | K3: Akane
A4: =Caravana!A6 -> Viajeros 3 | B4: =IFERROR(VLOOKUP($A4,Carros!$1:$34, 19, FALSE),"") -> 8 | C4: ='Ocupación Carro-Viajeros'!B4 -> 7 | D4: ='Consumo Carro-Viajeros'!B4 -> 7 | E4: Ramaso Panor | F4: Conduct random 1 | G4: Conduct random 4 | H4: Conduct random 8 | I4: Conduct random 11 | J4: Agricultor random 1 | K4: Agricultor random 2
A5: =Caravana!A7 -> Viajeros 4 | B5: =IFERROR(VLOOKUP($A5,Carros!$1:$34, 19, FALSE),"") -> 8 | C5: ='Ocupación Carro-Viajeros'!B5 -> 7 | D5: ='Consumo Carro-Viajeros'!B5 -> 7 | E5: Selanza Rovari | F5: Dominic Torettoson | G5: Conduct random 2 | H5: Conduct random 9 | I5: Conduct random 12 | J5: Uksahkka | K5: Soki Mogu
A6: =Caravana!A8 -> Viajeros 5 | B6: =IFERROR(VLOOKUP($A6,Carros!$1:$34, 19, FALSE),"") -> 8 | C6: ='Ocupación Carro-Viajeros'!B6 -> 6 | D6: ='Consumo Carro-Viajeros'!B6 -> 6 | E6: Inuliak | F6: Odval | G6: Shuo | H6: Conduct random 3 | I6: Conduct random 10 | J6: Korrin Feldane
A7: =Caravana!A9 -> Prisioneros | B7: =IFERROR(VLOOKUP($A7,Carros!$1:$34, 19, FALSE),"") -> 10 | C7: ='Ocupación Carro-Viajeros'!B7 -> 0 | D7: ='Consumo Carro-Viajeros'!B7 -> 0
A8: =Caravana!A10 -> Zoo | B8: =IFERROR(VLOOKUP($A8,Carros!$1:$34, 19, FALSE),"") -> 10 | C8: ='Ocupación Carro-Viajeros'!B8 -> 8.5 | D8: ='Consumo Carro-Viajeros'!B8 -> 1 | E8: caballos Yakutos | F8: Yak | G8: osezno | H8: Thriss
A9: =Caravana!A11 -> Familias Kalsgard | B9: =IFERROR(VLOOKUP($A9,Carros!$1:$34, 19, FALSE),"") -> 6 | C9: ='Ocupación Carro-Viajeros'!B9 -> 6.5 | D9: ='Consumo Carro-Viajeros'!B9 -> 8 | E9: Hargor Hagorsson | F9: Siv Hagorsson | G9: Torvald Hagorsson | H9: Inga Hagorsson | I9: Leif Hagorsson | J9: Hayashi Tomoko | K9: Daichi Tomoko | L9: Aiko Tomoko
A10: =Caravana!A12 -> Mercancías Hierro | B10: =IFERROR(VLOOKUP($A10,Carros!$1:$34, 19, FALSE),"") -> 1 | C10: ='Ocupación Carro-Viajeros'!B10 -> 0 | D10: ='Consumo Carro-Viajeros'!B10 -> 0
A11: =Caravana!A13 -> Mercancías General | B11: =IFERROR(VLOOKUP($A11,Carros!$1:$34, 19, FALSE),"") -> 1 | C11: ='Ocupación Carro-Viajeros'!B11 -> 0 | D11: ='Consumo Carro-Viajeros'!B11 -> 0
A12: =Caravana!A14 -> Mercancías Punta Arena | B12: =IFERROR(VLOOKUP($A12,Carros!$1:$34, 19, FALSE),"") -> 1 | C12: ='Ocupación Carro-Viajeros'!B12 -> 0 | D12: ='Consumo Carro-Viajeros'!B12 -> 0
A13: =Caravana!A15 -> Mercancías Kalsgard | B13: =IFERROR(VLOOKUP($A13,Carros!$1:$34, 19, FALSE),"") -> 1 | C13: ='Ocupación Carro-Viajeros'!B13 -> 0 | D13: ='Consumo Carro-Viajeros'!B13 -> 0
A14: =Caravana!A16 -> Carbón | B14: =IFERROR(VLOOKUP($A14,Carros!$1:$34, 19, FALSE),"") -> 1 | C14: ='Ocupación Carro-Viajeros'!B14 -> 0 | D14: ='Consumo Carro-Viajeros'!B14 -> 0
A15: =Caravana!A17 -> Queso | B15: =IFERROR(VLOOKUP($A15,Carros!$1:$34, 19, FALSE),"") -> 1 | C15: ='Ocupación Carro-Viajeros'!B15 -> 1 | D15: ='Consumo Carro-Viajeros'!B15 -> 1 | E15: Asmund (el quesero)
A16: =Caravana!A18 -> Suministros 1 | B16: =IFERROR(VLOOKUP($A16,Carros!$1:$34, 19, FALSE),"") -> 1 | C16: ='Ocupación Carro-Viajeros'!B16 -> 0 | D16: ='Consumo Carro-Viajeros'!B16 -> 0
A17: =Caravana!A19 -> Suministros 2 | B17: =IFERROR(VLOOKUP($A17,Carros!$1:$34, 19, FALSE),"") -> 1 | C17: ='Ocupación Carro-Viajeros'!B17 -> 0 | D17: ='Consumo Carro-Viajeros'!B17 -> 0
A18: =Caravana!A20 -> Koya | B18: =IFERROR(VLOOKUP($A18,Carros!$1:$34, 19, FALSE),"") -> 1 | C18: ='Ocupación Carro-Viajeros'!B18 -> 1 | D18: ='Consumo Carro-Viajeros'!B18 -> 1 | E18: Koya | F18: Spivey
A19: =Caravana!A21 -> Taller | B19: =IFERROR(VLOOKUP($A19,Carros!$1:$34, 19, FALSE),"") -> 2 | C19: ='Ocupación Carro-Viajeros'!B19 -> 0 | D19: ='Consumo Carro-Viajeros'!B19 -> 0
A20: =Caravana!A22 -> Escuela | B20: =IFERROR(VLOOKUP($A20,Carros!$1:$34, 19, FALSE),"") -> 2 | C20: ='Ocupación Carro-Viajeros'!B20 -> 1 | D20: ='Consumo Carro-Viajeros'!B20 -> 1 | E20: Erivo
A21: =Caravana!A23 -> Huerto Hagorsson | B21: =IFERROR(VLOOKUP($A21,Carros!$1:$34, 19, FALSE),"") -> 2 | C21: ='Ocupación Carro-Viajeros'!B21 -> 0 | D21: ='Consumo Carro-Viajeros'!B21 -> 0
A22: =Caravana!A24 -> Huerto 1 | B22: =IFERROR(VLOOKUP($A22,Carros!$1:$34, 19, FALSE),"") -> 2 | C22: ='Ocupación Carro-Viajeros'!B22 -> 2 | D22: ='Consumo Carro-Viajeros'!B22 -> 2 | E22: Skali (Troi), el puto troll
A23: =Caravana!A25 -> Huerto 2 | B23: =IFERROR(VLOOKUP($A23,Carros!$1:$34, 19, FALSE),"") -> 2 | C23: ='Ocupación Carro-Viajeros'!B23 -> 0 | D23: ='Consumo Carro-Viajeros'!B23 -> 0
A24: =Caravana!A26 -> Hospital | B24: =IFERROR(VLOOKUP($A24,Carros!$1:$34, 19, FALSE),"") -> 6 | C24: ='Ocupación Carro-Viajeros'!B24 -> 0 | D24: ='Consumo Carro-Viajeros'!B24 -> 0
A25: =Caravana!A27 -> Bar sin límites | B25: =IFERROR(VLOOKUP($A25,Carros!$1:$34, 19, FALSE),"") -> 3 | C25: ='Ocupación Carro-Viajeros'!B25 -> 2.5 | D25: ='Consumo Carro-Viajeros'!B25 -> 3 | E25: Ralvio Dorran | F25: Lewis | G25: Clark (perro Lewis)
A26: =Caravana!A28 -> Cómodo 1 | B26: =IFERROR(VLOOKUP($A26,Carros!$1:$34, 19, FALSE),"") -> 5 | C26: ='Ocupación Carro-Viajeros'!B26 -> 4.5 | D26: ='Consumo Carro-Viajeros'!B26 -> 5 | E26: Renji | F26: Sandru | G26: Kelda | H26: Virihane | I26: Perro de Renji | J26: Helgalvar
A27: =Caravana!A29 -> Cómodo 2 | B27: =IFERROR(VLOOKUP($A27,Carros!$1:$34, 19, FALSE),"") -> 5 | C27: ='Ocupación Carro-Viajeros'!B27 -> 4 | D27: ='Consumo Carro-Viajeros'!B27 -> 5 | E27: Irgadriel | F27: Frinn (huérfano) | G27: Skøra (huérfana) | H27: Shalelu | I27: Ulf el Ulfen
A28: =Caravana!A30 -> Real | B28: =IFERROR(VLOOKUP($A28,Carros!$1:$34, 19, FALSE),"") -> 3 | C28: ='Ocupación Carro-Viajeros'!B28 -> 3 | D28: ='Consumo Carro-Viajeros'!B28 -> 4 | E28: Ameiko | F28: Hiriko | G28: O Chin Chin | H28: Devoramundos
A29: =Caravana!A31 -> Viajeros grande | B29: =IFERROR(VLOOKUP($A29,Carros!$1:$34, 19, FALSE),"") -> 10 | C29: ='Ocupación Carro-Viajeros'!B29 -> 9 | D29: ='Consumo Carro-Viajeros'!B29 -> 9 | E29: Eirik "Cuervo Roto" | F29: Takorr Senda Quemada | G29: Jorgaan de la Roca Blanca | H29: Ketaek pasos cortos | I29: Sigmund "Ojos de Hielo" | J29: Yrja Vientonegro | K29: Ashka Cantoceniza | L29: Freydis Manodura | M29: Cholna de las Lluvias
A30: =Caravana!A32 | B30: =IFERROR(VLOOKUP($A30,Carros!$1:$34, 19, FALSE),"") | C30: ='Ocupación Carro-Viajeros'!B30 -> 0 | D30: ='Consumo Carro-Viajeros'!B30 -> 0
A31: =Caravana!A33 | B31: =IFERROR(VLOOKUP($A31,Carros!$1:$34, 19, FALSE),"") | C31: ='Ocupación Carro-Viajeros'!B31 -> 0 | D31: ='Consumo Carro-Viajeros'!B31 -> 0
A32: =Caravana!A34 | B32: =IFERROR(VLOOKUP($A32,Carros!$1:$34, 19, FALSE),"") | C32: ='Ocupación Carro-Viajeros'!B32 -> 0 | D32: ='Consumo Carro-Viajeros'!B32 -> 0

Sheet Carga
A1: Carro | B1: Carga máxima | C1: Carga actual | D1: 1 | E1: =D1+1 -> 2 | F1: =E1+1 -> 3 | G1: =F1+1 -> 4 | H1: =G1+1 -> 5 | I1: =H1+1 -> 6 | J1: =I1+1 -> 7 | K1: =J1+1 -> 8 | L1: =K1+1 -> 9 | ... AG1: =AF1+1 -> 30
A2: =Caravana!A4 -> Viajeros 1 | B2: =IFERROR(VLOOKUP($A2,Carros!$1:$34, 22, FALSE),"") -> 5 | C2: ='Ocupación Carro-Mercancía'!B2 -> 4 | D2: Material de reparaciones | E2: Tienda de campaña de supervivencia | F2: Equipo para climas fríos | G2: Estufa
A3: =Caravana!A5 -> Viajeros 2 | B3: =IFERROR(VLOOKUP($A3,Carros!$1:$34, 22, FALSE),"") -> 5 | C3: ='Ocupación Carro-Mercancía'!B3 -> 3 | D3: Material de reparaciones | E3: Tienda de campaña de supervivencia | F3: Estufa
A4: =Caravana!A6 -> Viajeros 3 | B4: =IFERROR(VLOOKUP($A4,Carros!$1:$34, 22, FALSE),"") -> 5 | C4: ='Ocupación Carro-Mercancía'!B4 -> 3 | D4: Material de reparaciones | E4: Tienda de campaña de supervivencia | F4: Estufa
A5: =Caravana!A7 -> Viajeros 4 | B5: =IFERROR(VLOOKUP($A5,Carros!$1:$34, 22, FALSE),"") -> 5 | C5: ='Ocupación Carro-Mercancía'!B5 -> 4 | D5: Material de reparaciones | E5: Tenderete | F5: Estufa
A6: =Caravana!A8 -> Viajeros 5 | B6: =IFERROR(VLOOKUP($A6,Carros!$1:$34, 22, FALSE),"") -> 5 | C6: ='Ocupación Carro-Mercancía'!B6 -> 4 | D6: Material de reparaciones | E6: Trampas de campamento | F6: Estufa
A7: =Caravana!A9 -> Prisioneros | B7: =IFERROR(VLOOKUP($A7,Carros!$1:$34, 22, FALSE),"") -> 2 | C7: ='Ocupación Carro-Mercancía'!B7 -> 0
A8: =Caravana!A10 -> Zoo | B8: =IFERROR(VLOOKUP($A8,Carros!$1:$34, 22, FALSE),"") -> 2 | C8: ='Ocupación Carro-Mercancía'!B8 -> 0
A9: =Caravana!A11 -> Familias Kalsgard | B9: =IFERROR(VLOOKUP($A9,Carros!$1:$34, 22, FALSE),"") -> 5 | C9: ='Ocupación Carro-Mercancía'!B9 -> 0
A10: =Caravana!A12 -> Mercancías Hierro | B10: =IFERROR(VLOOKUP($A10,Carros!$1:$34, 22, FALSE),"") -> 13 | C10: ='Ocupación Carro-Mercancía'!B10 -> 12 | D10: Hierro | E10: Hierro | F10: Hierro | G10: Hierro | H10: Hierro | I10: Hierro | J10: Hierro | K10: Hierro | L10: Hierro | M10: Hierro | O10: Material de reparaciones | P10: Material de reparaciones
A11: =Caravana!A13 -> Mercancías General | B11: =IFERROR(VLOOKUP($A11,Carros!$1:$34, 22, FALSE),"") -> 13 | C11: ='Ocupación Carro-Mercancía'!B11 -> 13 | D11: Mercancías | E11: Mercancías | F11: Mercancías | G11: Mercancías | H11: Mercancías | I11: Mercancías | J11: Mercancías | K11: Mercancías | L11: Mercancías | M11: Mercancías | N11: Mercancías | O11: Mercancías | P11: Mercancías
A12: =Caravana!A14 -> Mercancías Punta Arena | B12: =IFERROR(VLOOKUP($A12,Carros!$1:$34, 22, FALSE),"") -> 13 | C12: ='Ocupación Carro-Mercancía'!B12 -> 13 | D12: Mercancías locales (Punta Arena) | E12: Mercancías locales (Punta Arena) | F12: Mercancías locales (Punta Arena) | G12: Mercancías locales (Punta Arena) | H12: Mercancías locales (Punta Arena) | I12: Mercancías locales (Punta Arena) | J12: Mercancías locales (Punta Arena) | K12: Mercancías locales (Punta Arena) | L12: Mercancías locales (Punta Arena) | M12: Mercancías locales (Punta Arena) | N12: Mercancías locales (Punta Arena) | O12: Material de reparaciones | P12: Material de reparaciones
A13: =Caravana!A15 -> Mercancías Kalsgard | B13: =IFERROR(VLOOKUP($A13,Carros!$1:$34, 22, FALSE),"") -> 26 | C13: ='Ocupación Carro-Mercancía'!B13 -> 26 | D13: Mercancías locales (Kalsgard) | E13: Mercancías locales (Kalsgard) | F13: Mercancías locales (Kalsgard) | G13: Mercancías locales (Kalsgard) | H13: Mercancías locales (Kalsgard) | I13: Mercancías locales (Kalsgard) | J13: Mercancías locales (Kalsgard) | K13: Mercancías locales (Kalsgard) | L13: Mercancías locales (Kalsgard) | M13: Mercancías locales (Kalsgard) | N13: Mercancías locales (Kalsgard) | O13: Mercancías locales (Kalsgard) | P13: Mercancías locales (Kalsgard) | Q13: Mercancías locales (Kalsgard) | R13: Mercancías locales (Kalsgard) | S13: Mercancías locales (Kalsgard) | T13: Mercancías locales (Kalsgard) | U13: Mercancías locales (Kalsgard) | V13: Mercancías locales (Kalsgard) | W13: Mercancías locales (Kalsgard) | X13: Mercancías locales (Kalsgard) | Y13: Mercancías locales (Kalsgard) | Z13: Mercancías locales (Kalsgard) | AA13: Mercancías locales (Kalsgard) | AB13: Mercancías locales (Kalsgard) | AC13: Mercancías locales (Kalsgard)
A14: =Caravana!A16 -> Carbón | B14: =IFERROR(VLOOKUP($A14,Carros!$1:$34, 22, FALSE),"") -> 26 | C14: ='Ocupación Carro-Mercancía'!B14 -> 26 | D14: Carbón (consumible) | E14: Carbón (consumible) | F14: Carbón (consumible) | G14: Carbón (consumible) | H14: Carbón (consumible) | I14: Carbón (consumible) | J14: Carbón (consumible) | K14: Carbón (consumible) | L14: Carbón (consumible) | M14: Carbón (consumible) | N14: Carbón (consumible) | O14: Carbón (consumible) | P14: Carbón (consumible) | Q14: Carbón (consumible) | R14: Carbón (consumible) | S14: Carbón (consumible) | T14: Carbón (consumible) | U14: Carbón (consumible) | V14: Carbón (consumible) | W14: Carbón (consumible) | X14: Carbón (consumible) | Y14: Carbón (consumible) | Z14: Carbón (consumible) | AA14: Carbón (consumible) | AB14: Carbón (consumible) | AC14: Carbón (consumible)
A15: =Caravana!A17 -> Queso | B15: =IFERROR(VLOOKUP($A15,Carros!$1:$34, 22, FALSE),"") -> 26 | C15: ='Ocupación Carro-Mercancía'!B15 -> 20 | D15: Queso | E15: Queso | F15: Queso | G15: Queso | H15: Queso | I15: Queso | J15: Queso | K15: Queso | L15: Queso | M15: Queso | N15: Queso | O15: Queso | P15: Queso | Q15: Queso | R15: Queso | S15: Queso | T15: Queso | U15: Queso | V15: Queso | W15: Queso
A16: =Caravana!A18 -> Suministros 1 | B16: =IFERROR(VLOOKUP($A16,Carros!$1:$34, 22, FALSE),"") -> 26 | C16: ='Ocupación Carro-Mercancía'!B16 -> 4 | D16: Suministros | E16: Suministros | AA16: Suministros | AB16: Suministros
A17: =Caravana!A19 -> Suministros 2 | B17: =IFERROR(VLOOKUP($A17,Carros!$1:$34, 22, FALSE),"") -> 26 | C17: ='Ocupación Carro-Mercancía'!B17 -> 4 | D17: Suministros | E17: Suministros | AA17: Suministros | AB17: Suministros
A18: =Caravana!A20 -> Koya | B18: =IFERROR(VLOOKUP($A18,Carros!$1:$34, 22, FALSE),"") -> 5 | C18: ='Ocupación Carro-Mercancía'!B18 -> 2 | D18: Altar sagrado (Desna) | E18: Altar sagrado (Shelyn)
A19: =Caravana!A21 -> Taller | B19: =IFERROR(VLOOKUP($A19,Carros!$1:$34, 22, FALSE),"") -> 5 | C19: ='Ocupación Carro-Mercancía'!B19 -> 5 | D19: Materiales mágicos diversos | E19: Materiales mágicos diversos | F19: Materiales mágicos diversos | G19: Materiales mágicos diversos | H19: Material para venenos
A20: =Caravana!A22 -> Escuela | B20: =IFERROR(VLOOKUP($A20,Carros!$1:$34, 22, FALSE),"") -> 5 | C20: ='Ocupación Carro-Mercancía'!B20 -> 0
A21: =Caravana!A23 -> Huerto Hagorsson | B21: =IFERROR(VLOOKUP($A21,Carros!$1:$34, 22, FALSE),"") -> 1 | C21: ='Ocupación Carro-Mercancía'!B21 -> 0
A22: =Caravana!A24 -> Huerto 1 | B22: =IFERROR(VLOOKUP($A22,Carros!$1:$34, 22, FALSE),"") -> 1 | C22: ='Ocupación Carro-Mercancía'!B22 -> 0
A23: =Caravana!A25 -> Huerto 2 | B23: =IFERROR(VLOOKUP($A23,Carros!$1:$34, 22, FALSE),"") -> 1 | C23: ='Ocupación Carro-Mercancía'!B23 -> 0
A24: =Caravana!A26 -> Hospital | B24: =IFERROR(VLOOKUP($A24,Carros!$1:$34, 22, FALSE),"") -> 1 | C24: ='Ocupación Carro-Mercancía'!B24 -> 0
A25: =Caravana!A27 -> Bar sin límites | B25: =IFERROR(VLOOKUP($A25,Carros!$1:$34, 22, FALSE),"") -> 6 | C25: ='Ocupación Carro-Mercancía'!B25 -> 3 | D25: Cocina portátil | E25: Cocina portátil | F25: Cocina portátil
A26: =Caravana!A28 -> Cómodo 1 | B26: =IFERROR(VLOOKUP($A26,Carros!$1:$34, 22, FALSE),"") -> 5 | C26: ='Ocupación Carro-Mercancía'!B26 -> 2 | D26: Tesoro 750 | E26: Estufa
A27: =Caravana!A29 -> Cómodo 2 | B27: =IFERROR(VLOOKUP($A27,Carros!$1:$34, 22, FALSE),"") -> 5 | C27: ='Ocupación Carro-Mercancía'!B27 -> 2.5 | D27: Tesoro 750 | E27: Tesoro 400 | F27: Estufa
A28: =Caravana!A30 -> Real | B28: =IFERROR(VLOOKUP($A28,Carros!$1:$34, 22, FALSE),"") -> 2 | C28: ='Ocupación Carro-Mercancía'!B28 -> 1 | D28: Forja portatil | E28: Sello de Amatatsu
A29: =Caravana!A31 -> Viajeros grande | B29: =IFERROR(VLOOKUP($A29,Carros!$1:$34, 22, FALSE),"") -> 5 | C29: ='Ocupación Carro-Mercancía'!B29 -> 0
A30: =Caravana!A32 | B30: =IFERROR(VLOOKUP($A30,Carros!$1:$34, 22, FALSE),"") | C30: ='Ocupación Carro-Mercancía'!B30 -> 0
A31: =Caravana!A33 | B31: =IFERROR(VLOOKUP($A31,Carros!$1:$34, 22, FALSE),"") | C31: ='Ocupación Carro-Mercancía'!B31 -> 0
A32: =Caravana!A34 | B32: =IFERROR(VLOOKUP($A32,Carros!$1:$34, 22, FALSE),"") | C32: ='Ocupación Carro-Mercancía'!B32 -> 0

Sheet Tiro
A1: Carro | B1: Fuerza necesaria | C1: Fuerza actual | D1: Suficiente | E1: Bestias máximas | F1: Bestias actual | G1: 1 | H1: =G1+1 -> 2 | I1: =H1+1 -> 3 | J1: =I1+1 -> 4 | K1: =J1+1 -> 5 | L1: =K1+1 -> 6 | M1: =L1+1 -> 7 | N1: =M1+1 -> 8
A2: =Caravana!A4 -> Viajeros 1 | B2: =IFERROR(VLOOKUP(A2,Carros!$A$4:$O$34,10,FALSE),"") -> 10 | C2: ='Fuerza Carro-Tiro'!B2 -> 28 | D2: =IF(C2>=B2*2,"SUPERA",IF(C2>=B2*1.5,"Excede",IF(C2>=B2,"Supera","Insuficiente"))) -> SUPERA | E2: =IFERROR(VLOOKUP(A2,Carros!$A$4:$O$34,13,FALSE),"") -> 2 | F2: ='Ocupación Carro-Tiro'!B2 -> 2 | G2: Yak | H2: Yak
A3: =Caravana!A5 -> Viajeros 2 | B3: =IFERROR(VLOOKUP(A3,Carros!$A$4:$O$34,10,FALSE),"") -> 10 | C3: ='Fuerza Carro-Tiro'!B3 -> 28 | D3: =IF(C3>=B3*2,"SUPERA",IF(C3>=B3*1.5,"Excede",IF(C3>=B3,"Supera","Insuficiente"))) -> SUPERA | E3: =IFERROR(VLOOKUP(A3,Carros!$A$4:$O$34,13,FALSE),"") -> 2 | F3: ='Ocupación Carro-Tiro'!B3 -> 2 | G3: Yak | H3: Yak
A4: =Caravana!A6 -> Viajeros 3 | B4: =IFERROR(VLOOKUP(A4,Carros!$A$4:$O$34,10,FALSE),"") -> 10 | C4: ='Fuerza Carro-Tiro'!B4 -> 28 | D4: =IF(C4>=B4*2,"SUPERA",IF(C4>=B4*1.5,"Excede",IF(C4>=B4,"Supera","Insuficiente"))) -> SUPERA | E4: =IFERROR(VLOOKUP(A4,Carros!$A$4:$O$34,13,FALSE),"") -> 2 | F4: ='Ocupación Carro-Tiro'!B4 -> 2 | G4: Yak | H4: Yak
A5: =Caravana!A7 -> Viajeros 4 | B5: =IFERROR(VLOOKUP(A5,Carros!$A$4:$O$34,10,FALSE),"") -> 10 | C5: ='Fuerza Carro-Tiro'!B5 -> 28 | D5: =IF(C5>=B5*2,"SUPERA",IF(C5>=B5*1.5,"Excede",IF(C5>=B5,"Supera","Insuficiente"))) -> SUPERA | E5: =IFERROR(VLOOKUP(A5,Carros!$A$4:$O$34,13,FALSE),"") -> 2 | F5: ='Ocupación Carro-Tiro'!B5 -> 2 | G5: Yak | H5: Yak
A6: =Caravana!A8 -> Viajeros 5 | B6: =IFERROR(VLOOKUP(A6,Carros!$A$4:$O$34,10,FALSE),"") -> 10 | C6: ='Fuerza Carro-Tiro'!B6 -> 28 | D6: =IF(C6>=B6*2,"SUPERA",IF(C6>=B6*1.5,"Excede",IF(C6>=B6,"Supera","Insuficiente"))) -> SUPERA | E6: =IFERROR(VLOOKUP(A6,Carros!$A$4:$O$34,13,FALSE),"") -> 2 | F6: ='Ocupación Carro-Tiro'!B6 -> 2 | G6: Yak | H6: Yak
A7: =Caravana!A9 -> Prisioneros | B7: =IFERROR(VLOOKUP(A7,Carros!$A$4:$O$34,10,FALSE),"") -> 5 | C7: ='Fuerza Carro-Tiro'!B7 -> 14 | D7: =IF(C7>=B7*2,"SUPERA",IF(C7>=B7*1.5,"Excede",IF(C7>=B7,"Supera","Insuficiente"))) -> SUPERA | E7: =IFERROR(VLOOKUP(A7,Carros!$A$4:$O$34,13,FALSE),"") -> 1 | F7: ='Ocupación Carro-Tiro'!B7 -> 1 | G7: Yak
A8: =Caravana!A10 -> Zoo | B8: =IFERROR(VLOOKUP(A8,Carros!$A$4:$O$34,10,FALSE),"") -> 5 | C8: ='Fuerza Carro-Tiro'!B8 -> 14 | D8: =IF(C8>=B8*2,"SUPERA",IF(C8>=B8*1.5,"Excede",IF(C8>=B8,"Supera","Insuficiente"))) -> SUPERA | E8: =IFERROR(VLOOKUP(A8,Carros!$A$4:$O$34,13,FALSE),"") -> 1 | F8: ='Ocupación Carro-Tiro'!B8 -> 1 | G8: Yak
A9: =Caravana!A11 -> Familias Kalsgard | B9: =IFERROR(VLOOKUP(A9,Carros!$A$4:$O$34,10,FALSE),"") -> 10 | C9: ='Fuerza Carro-Tiro'!B9 -> 28 | D9: =IF(C9>=B9*2,"SUPERA",IF(C9>=B9*1.5,"Excede",IF(C9>=B9,"Supera","Insuficiente"))) -> SUPERA | E9: =IFERROR(VLOOKUP(A9,Carros!$A$4:$O$34,13,FALSE),"") -> 2 | F9: ='Ocupación Carro-Tiro'!B9 -> 2 | G9: Yak | H9: Yak
A10: =Caravana!A12 -> Mercancías Hierro | B10: =IFERROR(VLOOKUP(A10,Carros!$A$4:$O$34,10,FALSE),"") -> 10 | C10: ='Fuerza Carro-Tiro'!B10 -> 28 | D10: =IF(C10>=B10*2,"SUPERA",IF(C10>=B10*1.5,"Excede",IF(C10>=B10,"Supera","Insuficiente"))) -> SUPERA | E10: =IFERROR(VLOOKUP(A10,Carros!$A$4:$O$34,13,FALSE),"") -> 2 | F10: ='Ocupación Carro-Tiro'!B10 -> 2 | G10: Yak | H10: Yak
A11: =Caravana!A13 -> Mercancías General | B11: =IFERROR(VLOOKUP(A11,Carros!$A$4:$O$34,10,FALSE),"") -> 10 | C11: ='Fuerza Carro-Tiro'!B11 -> 28 | D11: =IF(C11>=B11*2,"SUPERA",IF(C11>=B11*1.5,"Excede",IF(C11>=B11,"Supera","Insuficiente"))) -> SUPERA | E11: =IFERROR(VLOOKUP(A11,Carros!$A$4:$O$34,13,FALSE),"") -> 2 | F11: ='Ocupación Carro-Tiro'!B11 -> 2 | G11: Yak | H11: Yak
A12: =Caravana!A14 -> Mercancías Punta Arena | B12: =IFERROR(VLOOKUP(A12,Carros!$A$4:$O$34,10,FALSE),"") -> 10 | C12: ='Fuerza Carro-Tiro'!B12 -> 28 | D12: =IF(C12>=B12*2,"SUPERA",IF(C12>=B12*1.5,"Excede",IF(C12>=B12,"Supera","Insuficiente"))) -> SUPERA | E12: =IFERROR(VLOOKUP(A12,Carros!$A$4:$O$34,13,FALSE),"") -> 2 | F12: ='Ocupación Carro-Tiro'!B12 -> 2 | G12: Yak | H12: Yak
A13: =Caravana!A15 -> Mercancías Kalsgard | B13: =IFERROR(VLOOKUP(A13,Carros!$A$4:$O$34,10,FALSE),"") -> 10 | C13: ='Fuerza Carro-Tiro'!B13 -> 28 | D13: =IF(C13>=B13*2,"SUPERA",IF(C13>=B13*1.5,"Excede",IF(C13>=B13,"Supera","Insuficiente"))) -> SUPERA | E13: =IFERROR(VLOOKUP(A13,Carros!$A$4:$O$34,13,FALSE),"") -> 2 | F13: ='Ocupación Carro-Tiro'!B13 -> 2 | G13: Yak | H13: Yak
A14: =Caravana!A16 -> Carbón | B14: =IFERROR(VLOOKUP(A14,Carros!$A$4:$O$34,10,FALSE),"") -> 10 | C14: ='Fuerza Carro-Tiro'!B14 -> 28 | D14: =IF(C14>=B14*2,"SUPERA",IF(C14>=B14*1.5,"Excede",IF(C14>=B14,"Supera","Insuficiente"))) -> SUPERA | E14: =IFERROR(VLOOKUP(A14,Carros!$A$4:$O$34,13,FALSE),"") -> 2 | F14: ='Ocupación Carro-Tiro'!B14 -> 2 | G14: Yak | H14: Yak
A15: =Caravana!A17 -> Queso | B15: =IFERROR(VLOOKUP(A15,Carros!$A$4:$O$34,10,FALSE),"") -> 10 | C15: ='Fuerza Carro-Tiro'!B15 -> 28 | D15: =IF(C15>=B15*2,"SUPERA",IF(C15>=B15*1.5,"Excede",IF(C15>=B15,"Supera","Insuficiente"))) -> SUPERA | E15: =IFERROR(VLOOKUP(A15,Carros!$A$4:$O$34,13,FALSE),"") -> 2 | F15: ='Ocupación Carro-Tiro'!B15 -> 2 | G15: Yak | H15: Yak
A16: =Caravana!A18 -> Suministros 1 | B16: =IFERROR(VLOOKUP(A16,Carros!$A$4:$O$34,10,FALSE),"") -> 10 | C16: ='Fuerza Carro-Tiro'!B16 -> 28 | D16: =IF(C16>=B16*2,"SUPERA",IF(C16>=B16*1.5,"Excede",IF(C16>=B16,"Supera","Insuficiente"))) -> SUPERA | E16: =IFERROR(VLOOKUP(A16,Carros!$A$4:$O$34,13,FALSE),"") -> 2 | F16: ='Ocupación Carro-Tiro'!B16 -> 2 | G16: Yak | H16: Yak
A17: =Caravana!A19 -> Suministros 2 | B17: =IFERROR(VLOOKUP(A17,Carros!$A$4:$O$34,10,FALSE),"") -> 10 | C17: ='Fuerza Carro-Tiro'!B17 -> 28 | D17: =IF(C17>=B17*2,"SUPERA",IF(C17>=B17*1.5,"Excede",IF(C17>=B17,"Supera","Insuficiente"))) -> SUPERA | E17: =IFERROR(VLOOKUP(A17,Carros!$A$4:$O$34,13,FALSE),"") -> 2 | F17: ='Ocupación Carro-Tiro'!B17 -> 2 | G17: Yak | H17: Yak
A18: =Caravana!A20 -> Koya | B18: =IFERROR(VLOOKUP(A18,Carros!$A$4:$O$34,10,FALSE),"") -> 5 | C18: ='Fuerza Carro-Tiro'!B18 -> 14 | D18: =IF(C18>=B18*2,"SUPERA",IF(C18>=B18*1.5,"Excede",IF(C18>=B18,"Supera","Insuficiente"))) -> SUPERA | E18: =IFERROR(VLOOKUP(A18,Carros!$A$4:$O$34,13,FALSE),"") -> 1 | F18: ='Ocupación Carro-Tiro'!B18 -> 1 | G18: Yak
A19: =Caravana!A21 -> Taller | B19: =IFERROR(VLOOKUP(A19,Carros!$A$4:$O$34,10,FALSE),"") -> 8 | C19: ='Fuerza Carro-Tiro'!B19 -> 28 | D19: =IF(C19>=B19*2,"SUPERA",IF(C19>=B19*1.5,"Excede",IF(C19>=B19,"Supera","Insuficiente"))) -> SUPERA | E19: =IFERROR(VLOOKUP(A19,Carros!$A$4:$O$34,13,FALSE),"") -> 2 | F19: ='Ocupación Carro-Tiro'!B19 -> 2 | G19: Yak | H19: Yak
A20: =Caravana!A22 -> Escuela | B20: =IFERROR(VLOOKUP(A20,Carros!$A$4:$O$34,10,FALSE),"") -> 8 | C20: ='Fuerza Carro-Tiro'!B20 -> 28 | D20: =IF(C20>=B20*2,"SUPERA",IF(C20>=B20*1.5,"Excede",IF(C20>=B20,"Supera","Insuficiente"))) -> SUPERA | E20: =IFERROR(VLOOKUP(A20,Carros!$A$4:$O$34,13,FALSE),"") -> 2 | F20: ='Ocupación Carro-Tiro'!B20 -> 2 | G20: Yak | H20: Yak
A21: =Caravana!A23 -> Huerto Hagorsson | B21: =IFERROR(VLOOKUP(A21,Carros!$A$4:$O$34,10,FALSE),"") -> 10 | C21: ='Fuerza Carro-Tiro'!B21 -> 28 | D21: =IF(C21>=B21*2,"SUPERA",IF(C21>=B21*1.5,"Excede",IF(C21>=B21,"Supera","Insuficiente"))) -> SUPERA | E21: =IFERROR(VLOOKUP(A21,Carros!$A$4:$O$34,13,FALSE),"") -> 2 | F21: ='Ocupación Carro-Tiro'!B21 -> 2 | G21: Yak | H21: Yak
A22: =Caravana!A24 -> Huerto 1 | B22: =IFERROR(VLOOKUP(A22,Carros!$A$4:$O$34,10,FALSE),"") -> 10 | C22: ='Fuerza Carro-Tiro'!B22 -> 28 | D22: =IF(C22>=B22*2,"SUPERA",IF(C22>=B22*1.5,"Excede",IF(C22>=B22,"Supera","Insuficiente"))) -> SUPERA | E22: =IFERROR(VLOOKUP(A22,Carros!$A$4:$O$34,13,FALSE),"") -> 2 | F22: ='Ocupación Carro-Tiro'!B22 -> 2 | G22: Yak | H22: Yak
A23: =Caravana!A25 -> Huerto 2 | B23: =IFERROR(VLOOKUP(A23,Carros!$A$4:$O$34,10,FALSE),"") -> 10 | C23: ='Fuerza Carro-Tiro'!B23 -> 28 | D23: =IF(C23>=B23*2,"SUPERA",IF(C23>=B23*1.5,"Excede",IF(C23>=B23,"Supera","Insuficiente"))) -> SUPERA | E23: =IFERROR(VLOOKUP(A23,Carros!$A$4:$O$34,13,FALSE),"") -> 2 | F23: ='Ocupación Carro-Tiro'!B23 -> 2 | G23: Yak | H23: Yak
A24: =Caravana!A26 -> Hospital | B24: =IFERROR(VLOOKUP(A24,Carros!$A$4:$O$34,10,FALSE),"") -> 10 | C24: ='Fuerza Carro-Tiro'!B24 -> 28 | D24: =IF(C24>=B24*2,"SUPERA",IF(C24>=B24*1.5,"Excede",IF(C24>=B24,"Supera","Insuficiente"))) -> SUPERA | E24: =IFERROR(VLOOKUP(A24,Carros!$A$4:$O$34,13,FALSE),"") -> 2 | F24: ='Ocupación Carro-Tiro'!B24 -> 2 | G24: Yak | H24: Yak
A25: =Caravana!A27 -> Bar sin límites | B25: =IFERROR(VLOOKUP(A25,Carros!$A$4:$O$34,10,FALSE),"") -> 10 | C25: ='Fuerza Carro-Tiro'!B25 -> 28 | D25: =IF(C25>=B25*2,"SUPERA",IF(C25>=B25*1.5,"Excede",IF(C25>=B25,"Supera","Insuficiente"))) -> SUPERA | E25: =IFERROR(VLOOKUP(A25,Carros!$A$4:$O$34,13,FALSE),"") -> 2 | F25: ='Ocupación Carro-Tiro'!B25 -> 2 | G25: Yak | H25: Yak
A26: =Caravana!A28 -> Cómodo 1 | B26: =IFERROR(VLOOKUP(A26,Carros!$A$4:$O$34,10,FALSE),"") -> 14 | C26: ='Fuerza Carro-Tiro'!B26 -> 28 | D26: =IF(C26>=B26*2,"SUPERA",IF(C26>=B26*1.5,"Excede",IF(C26>=B26,"Supera","Insuficiente"))) -> SUPERA | E26: =IFERROR(VLOOKUP(A26,Carros!$A$4:$O$34,13,FALSE),"") -> 2 | F26: ='Ocupación Carro-Tiro'!B26 -> 2 | G26: Yak | H26: Yak
A27: =Caravana!A29 -> Cómodo 2 | B27: =IFERROR(VLOOKUP(A27,Carros!$A$4:$O$34,10,FALSE),"") -> 14 | C27: ='Fuerza Carro-Tiro'!B27 -> 28 | D27: =IF(C27>=B27*2,"SUPERA",IF(C27>=B27*1.5,"Excede",IF(C27>=B27,"Supera","Insuficiente"))) -> SUPERA | E27: =IFERROR(VLOOKUP(A27,Carros!$A$4:$O$34,13,FALSE),"") -> 2 | F27: ='Ocupación Carro-Tiro'!B27 -> 2 | G27: Yak | H27: Yak
A28: =Caravana!A30 -> Real | B28: =IFERROR(VLOOKUP(A28,Carros!$A$4:$O$34,10,FALSE),"") -> 18 | C28: ='Fuerza Carro-Tiro'!B28 -> 56 | D28: =IF(C28>=B28*2,"SUPERA",IF(C28>=B28*1.5,"Excede",IF(C28>=B28,"Supera","Insuficiente"))) -> SUPERA | E28: =IFERROR(VLOOKUP(A28,Carros!$A$4:$O$34,13,FALSE),"") -> 4 | F28: ='Ocupación Carro-Tiro'!B28 -> 4 | G28: Yak | H28: Yak | I28: Yak | J28: Yak
A29: =Caravana!A31 -> Viajeros grande | B29: =IFERROR(VLOOKUP(A29,Carros!$A$4:$O$34,10,FALSE),"") -> 12 | C29: ='Fuerza Carro-Tiro'!B29 -> 28 | D29: =IF(C29>=B29*2,"SUPERA",IF(C29>=B29*1.5,"Excede",IF(C29>=B29,"Supera","Insuficiente"))) -> SUPERA | E29: =IFERROR(VLOOKUP(A29,Carros!$A$4:$O$34,13,FALSE),"") -> 2 | F29: ='Ocupación Carro-Tiro'!B29 -> 2 | G29: Yak | H29: Yak
A30: =Caravana!A32 | B30: =IFERROR(VLOOKUP(A30,Carros!$A$4:$O$34,10,FALSE),"") | C30: ='Fuerza Carro-Tiro'!B30 -> 0 | D30: =IF(C30>=B30*2,"SUPERA",IF(C30>=B30*1.5,"Excede",IF(C30>=B30,"Supera","Insuficiente"))) -> SUPERA | E30: =IFERROR(VLOOKUP(A30,Carros!$A$4:$O$34,13,FALSE),"") | F30: ='Ocupación Carro-Tiro'!B30 -> 0
A31: =Caravana!A33 | B31: =IFERROR(VLOOKUP(A31,Carros!$A$4:$O$34,10,FALSE),"") | C31: ='Fuerza Carro-Tiro'!B31 -> 0 | D31: =IF(C31>=B31*2,"SUPERA",IF(C31>=B31*1.5,"Excede",IF(C31>=B31,"Supera","Insuficiente"))) -> SUPERA | E31: =IFERROR(VLOOKUP(A31,Carros!$A$4:$O$34,13,FALSE),"") | F31: ='Ocupación Carro-Tiro'!B31 -> 0
A32: =Caravana!A34 | B32: =IFERROR(VLOOKUP(A32,Carros!$A$4:$O$34,10,FALSE),"") | C32: ='Fuerza Carro-Tiro'!B32 -> 0 | D32: =IF(C32>=B32*2,"SUPERA",IF(C32>=B32*1.5,"Excede",IF(C32>=B32,"Supera","Insuficiente"))) -> SUPERA | E32: =IFERROR(VLOOKUP(A32,Carros!$A$4:$O$34,13,FALSE),"") | F32: ='Ocupación Carro-Tiro'!B32 -> 0

Sheet Lista Bestias Carga
A1: Bestia | B1: Fuerza | C1: Fuerza práctica | D1: Tamaño | E1: Cantidad | F1: Ocupados | G1: Libres
A2: Caballo ligero | B2: 3 | C2: =B2*2 -> 6 | D2: 1 | E2: 0 | F2: =COUNTIF(Tiro!$G$2:$N$32,A2) -> 0 | G2: =E2-F2 -> 0
A3: Caballo pesado | B3: 5 | C3: =B3*2 -> 10 | D3: 1 | E3: 0 | F3: =COUNTIF(Tiro!$G$2:$N$32,A3) -> 0 | G3: =E3-F3 -> 0
A4: Poni | B4: 2 | C4: =B4*2 -> 4 | D4: 0.5 | E4: 0 | F4: =COUNTIF(Tiro!$G$2:$N$32,A4) -> 0 | G4: =E4-F4 -> 0
A5: Caballo yakuto | B5: 5 | C5: =B5*2 -> 10 | D5: 1 | E5: 6 | F5: =COUNTIF(Tiro!$G$2:$N$32,A5) -> 0 | G5: =E5-F5 -> 6
A6: Caballo pottoka | B6: 2 | C6: =B6*2 -> 4 | D6: 0.5 | E6: 0 | F6: =COUNTIF(Tiro!$G$2:$N$32,A6) -> 0 | G6: =E6-F6 -> 0
A7: Caballo shire | B7: 7 | C7: =B7*2 -> 14 | D7: 1 | E7: 0 | F7: =COUNTIF(Tiro!$G$2:$N$32,A7) -> 0 | G7: =E7-F7 -> 0
A8: Camello | B8: 4 | C8: =B8*2 -> 8 | D8: 1 | E8: 0 | F8: =COUNTIF(Tiro!$G$2:$N$32,A8) -> 0 | G8: =E8-F8 -> 0
A9: Mula | B9: 2 | C9: =B9*2 -> 4 | D9: 0.5 | E9: 0 | F9: =COUNTIF(Tiro!$G$2:$N$32,A9) -> 0 | G9: =E9-F9 -> 0
A10: Buey | B10: 6 | C10: =B10*2 -> 12 | D10: 1 | E10: 0 | F10: =COUNTIF(Tiro!$G$2:$N$32,A10) -> 0 | G10: =E10-F10 -> 0
A11: Yak | B11: 7 | C11: =B11*2 -> 14 | D11: 1 | E11: 57 | F11: =COUNTIF(Tiro!$G$2:$N$32,A11) -> 55 | G11: =E11-F11 -> 2
A12: Bisonte | B12: 8 | C12: =B12*2 -> 16 | D12: 1 | E12: 0 | F12: =COUNTIF(Tiro!$G$2:$N$32,A12) -> 0 | G12: =E12-F12 -> 0
A13: Lagarto monitor gigante | B13: 3 | C13: =B13*2 -> 6 | D13: 0.5 | E13: 0 | F13: =COUNTIF(Tiro!$G$2:$N$32,A13) -> 0 | G13: =E13-F13 -> 0
... A17: Perro de trineo | B17: 3 | C17: =B17*2 -> 6 | D17: 0.5 | E17: 0 | F17: =COUNTIF(Tiro!$G$2:$N$32,A17) -> 0 | G17: =E17-F17 -> 0

Sheet Lista Mercancías
A1: Nombre | B1: Carga | C1: Transportado
A2: Adamantita | B2: 1 | C2: =COUNTIF(Carga!$D$2:$AG$32,A2) -> 0
A3: Altar sagrado (Desna) | B3: 1 | C3: =COUNTIF(Carga!$D$2:$AG$32,A3) -> 1
A4: Carbón (consumible) | B4: 1 | C4: =COUNTIF(Carga!$D$2:$AG$32,A4) -> 26
A5: Carbón (mercancía) | B5: 1 | C5: =COUNTIF(Carga!$D$2:$AG$32,A5) -> 0
A6: Cobre | B6: 1 | C6: =COUNTIF(Carga!$D$2:$AG$32,A6) -> 0
A7: Cocina portátil | B7: 1 | C7: =COUNTIF(Carga!$D$2:$AG$32,A7) -> 3
A8: Cristal | B8: 1 | C8: =COUNTIF(Carga!$D$2:$AG$32,A8) -> 0
A9: Cuero | B9: 1 | C9: =COUNTIF(Carga!$D$2:$AG$32,A9) -> 0
A10: Equipo para climas fríos | B10: 1 | C10: =COUNTIF(Carga!$D$2:$AG$32,A10) -> 1
A11: Estufa | B11: 1 | C11: =COUNTIF(Carga!$D$2:$AG$32,A11) -> 7
A12: Hielo | B12: 1 | C12: =COUNTIF(Carga!$D$2:$AG$32,A12) -> 0
A13: Hierro | B13: 1 | C13: =COUNTIF(Carga!$D$2:$AG$32,A13) -> 10
... A44: Forja portatil | B44: 1 | C44: =COUNTIF(Carga!$D$2:$AG$32,A44) -> 1
B45: 0 | C45: =COUNTIF(Carga!$D$2:$AG$32,A45) -> 0
B46: 0 | C46: =COUNTIF(Carga!$D$2:$AG$32,A46) -> 0
B47: 0 | C47: =COUNTIF(Carga!$D$2:$AG$32,A47) -> 0
B48: 0 | C48: =COUNTIF(Carga!$D$2:$AG$32,A48) -> 0
B49: 0 | C49: =COUNTIF(Carga!$D$2:$AG$32,A49) -> 0
B50: 0 | C50: =COUNTIF(Carga!$D$2:$AG$32,A50) -> 0
B51: 0 | C51: =COUNTIF(Carga!$D$2:$AG$32,A51) -> 0
B52: 0 | C52: =COUNTIF(Carga!$D$2:$AG$32,A52) -> 0
B53: 0 | C53: =COUNTIF(Carga!$D$2:$AG$32,A53) -> 0
B54: 0 | C54: =COUNTIF(Carga!$D$2:$AG$32,A54) -> 0
B55: 0 | C55: =COUNTIF(Carga!$D$2:$AG$32,A55) -> 0
B56: 0 | C56: =COUNTIF(Carga!$D$2:$AG$32,A56) -> 0
... B100: 0 | C100: =COUNTIF(Carga!$D$2:$AG$32,A100) -> 0

Sheet Lista Carros
A1: Carro | B1: Tipo | C1: Resistencia | E1: Propulsión | F1: Criaturas | G1: Límite | H1: Consumo | I1: Capacidad | K1: Beneficio especial
C2: PG | D2: Dureza | E2: Fue | I2: Viajeros | J2: Cargamento
A3: Carro cubierto | B3: Viajeros | C3: 30 | D3: 5 | E3: =+4 -> 4 | F3: 1 | H3: 2 | I3: 8 | J3: 4
A4: Carro de viajeros | B4: Viajeros | C4: 60 | D4: 5 | E4: =+10 -> 10 | F4: 2 | H4: 2 | I4: 8 | J4: 4 | K4: Otorga +1 CA a la caravana
A5: Carro de esclavista | B5: Viajeros | C5: 30 | D5: 5 | E5: =+5 -> 5 | F5: 1 | G5: 2 | H5: 2 | I5: 16 | J5: 2
A6: Carro de prisioneros | B6: Viajeros | C6: 60 | D6: 5 | E6: =+5 -> 5 | F6: 1 | G6: 2 | H6: 2 | I6: 10 | J6: 2 | K6: Otorga +2 a la Seguridad de la caravana
A7: Carro zoológico | B7: Viajeros | C7: 60 | D7: 5 | E7: =+5 -> 5 | F7: 1 | G7: 2 | H7: 2 | I7: 10 | J7: 2 | K7: No puede llevar humanoides
A8: Carruaje cómodo | B8: Viajeros | C8: 60 | D8: 5 | E8: =+6 -> 6 | F8: 1 | H8: 1 | I8: 4 | J8: 4
A9: Carruaje familiar | B9: Viajeros | C9: 60 | D9: 5 | E9: =+10 -> 10 | F9: 2 | G9: 1/5 caravana | H9: 2 | I9: 6 | J9: 4 | K9: Criaturas pequeñas cuentan como ½
A10: Carruaje real | B10: Viajeros | C10: 80 | D10: 5 | E10: =+8 -> 8 | F10: 2 | G10: 1 | H10: 2 | I10: 3 | J10: 2 | K10: Otorga +2 Determinación por pasajero asignado
A11: Carro biblioteca | B11: Mercancías | C11: 40 | D11: 5 | E11: =+9 -> 9 | F11: 2 | G11: 1 | H11: 2 | I11: 1 | J11: 4 | K11: Otorga +4 Saber al investigar en su interior
A12: Carro descubierto | B12: Mercancías | C12: 20 | D12: 5 | E12: =+4 -> 4 | F12: 1 | H12: 1 | I12: 0 | J12: 10 | K12: Riesgo 5% de perder carga por clima
A13: Carro de mercancías | B13: Mercancías | C13: 60 | D13: 5 | E13: =+10 -> 10 | F13: 2 | H13: 1 | I13: 1 | J13: 10
A14: Carro de mercancías específicas | B14: Mercancías | C14: 60 | D14: 5 | E14: =+10 -> 10 | F14: 2 | H14: 1 | I14: 1 | J14: 20 | K14: Solo 1 tipo de mercancía específica
A15: Carro de suministros | B15: Mercancías | C15: 60 | D15: 5 | E15: =+10 -> 10 | F15: 2 | H15: 1 | I15: 1 | J15: 20 | K15: Solo suministros y perecederos
A16: Carro museo | B16: Mercancías | C16: 60 | D16: 5 | E16: =+5 -> 5 | F16: 1 | G16: 1 | H16: 1 | I16: 1 | J16: 6 | K16: 1% valor tesoros/día en asentamiento
A17: Carro arcano | B17: Especial | C17: 50 | D17: 5 | E17: =+8 -> 8 | F17: 2 | G17: 1 | H17: 2 | I17: 2 | J17: 2 | K17: Reduce coste material 10 po; +4 concentración
A18: Carro de adivino | B18: Especial | C18: 60 | D18: 5 | E18: =+5 -> 5 | F18: 1 | G18: 1 | H18: 1 | I18: 1 | J18: 4 | K18: Habilita rol de Adivino
A19: Carro con taller | B19: Especial | C19: 60 | D19: 5 | E19: =+8 -> 8 | F19: 2 | H19: 1 | I19: 2 | J19: 4 | K19: Puede realizar Artesanía viajando
A20: Carro escuela | B20: Especial | C20: 60 | D20: 5 | E20: =+8 -> 8 | F20: 2 | G20: 1 | H20: 2 | I20: 2 | J20: 4 | K20: Puede enseñar (hasta 2 profesores)
A21: Carro huerto | B21: Especial | C21: 60 | D21: 5 | E21: =+10 -> 10 | F21: 2 | H21: 1 | I21: 2 | J21: 1 | K21: Solo viajeros asignados pueden ser agricultores
A22: Carro médico | B22: Especial | C22: 40 | D22: 5 | E22: =+10 -> 10 | F22: 2 | H22: 2 | I22: 6 | J22: 1 | K22: Dobla beneficios de cuidados a largo plazo
A23: Carro vacío | B23: Especial | C23: 60 | D23: 5 | E23: =+10 -> 10 | F23: 2 | H23: 2 | I23: 3 | J23: 5
A24: Carro taberna | B24: Especial | C24: 60 | D24: 5 | E24: =+10 -> 10 | F24: 2 | H24: 2 | I24: 3 | J24: 5
A25: Trineo de pasajeros | B25: Viajeros | C25: 10 | D25: 3 | E25: =+4 -> 4 | F25: 2 | H25: 2 | I25: 2 | J25: 1
A26: Trineo de carga | B26: Mercancías | C26: 10 | D26: 3 | E26: =+4 -> 4 | F26: 2 | H26: 2 | I26: 1 | J26: 2

Sheet Lista Roles
A1: Rol | B1: Activos | C1: Personajes | D1: Límite
A2: Adivino | B2: =COUNTIF(Viajeros!$C$3:$D$102,A2) -> 1 | C2: =COUNTIF(Viajeros!$J$3:$AD$102,A2) -> 4 | D2: 1
A3: Agricultor | B3: =COUNTIF(Viajeros!$C$3:$D$102,A3) -> 4 | C3: =COUNTIF(Viajeros!$J$3:$AD$102,A3) -> 7
A4: Animador itinerante | B4: =COUNTIF(Viajeros!$C$3:$D$102,A4) -> 0 | C4: =COUNTIF(Viajeros!$J$3:$AD$102,A4) -> 3
A5: Artesano | B5: =COUNTIF(Viajeros!$C$3:$D$102,A5) -> 3 | C5: =COUNTIF(Viajeros!$J$3:$AD$102,A5) -> 6
A6: Artillero | B6: =COUNTIF(Viajeros!$C$3:$D$102,A6) -> 0 | C6: =COUNTIF(Viajeros!$J$3:$AD$102,A6) -> 0
A7: Batidor | B7: =COUNTIF(Viajeros!$C$3:$D$102,A7) -> 3 | C7: =COUNTIF(Viajeros!$J$3:$AD$102,A7) -> 18
A8: Boticario | B8: =COUNTIF(Viajeros!$C$3:$D$102,A8) -> 4 | C8: =COUNTIF(Viajeros!$J$3:$AD$102,A8) -> 7
A9: Carrero | B9: =COUNTIF(Viajeros!$C$3:$D$102,A9) -> 0 | C9: =COUNTIF(Viajeros!$J$3:$AD$102,A9) -> 6
A10: Carretero | B10: =COUNTIF(Viajeros!$C$3:$D$102,A10) -> 24 | C10: =COUNTIF(Viajeros!$J$3:$AD$102,A10) -> 27
A11: Cocinero | B11: =COUNTIF(Viajeros!$C$3:$D$102,A11) -> 3 | C11: =COUNTIF(Viajeros!$J$3:$AD$102,A11) -> 4
A12: Comediante | B12: =COUNTIF(Viajeros!$C$3:$D$102,A12) -> 3 | C12: =COUNTIF(Viajeros!$J$3:$AD$102,A12) -> 5
A13: Comerciante | B13: =COUNTIF(Viajeros!$C$3:$D$102,A13) -> 0 | C13: =COUNTIF(Viajeros!$J$3:$AD$102,A13) -> 6
A14: Cronista | B14: =COUNTIF(Viajeros!$C$3:$D$102,A14) -> 1 | C14: =COUNTIF(Viajeros!$J$3:$AD$102,A14) -> 6
... A22: Guía | B22: =COUNTIF(Viajeros!$C$3:$D$102,A22) -> 2 | C22: =COUNTIF(Viajeros!$J$3:$AD$102,A22) -> 4
A23: Héroe | B23: =COUNTIF(Viajeros!$C$3:$D$102,A23) -> 0 | C23: =COUNTIF(Viajeros!$J$3:$AD$102,A23) -> 0 | D23: 4
A24: Instructor | B24: =COUNTIF(Viajeros!$C$3:$D$102,A24) -> 0 | C24: =COUNTIF(Viajeros!$J$3:$AD$102,A24) -> 3
A25: Lanzador de conjuros | B25: =COUNTIF(Viajeros!$C$3:$D$102,A25) -> 1 | C25: =COUNTIF(Viajeros!$J$3:$AD$102,A25) -> 10
A26: Líder de la caravana | B26: =COUNTIF(Viajeros!$C$3:$D$102,A26) -> 0 | C26: =COUNTIF(Viajeros!$J$3:$AD$102,A26) -> 0 | D26: 1
A27: Meteorólogo | B27: =COUNTIF(Viajeros!$C$3:$D$102,A27) -> 1 | C27: =COUNTIF(Viajeros!$J$3:$AD$102,A27) -> 6
A28: Pasajero | B28: =COUNTIF(Viajeros!$C$3:$D$102,A28) -> 19 | C28: =COUNTIF(Viajeros!$J$3:$AD$102,A28) -> 106
A29: Prisionero | B29: =COUNTIF(Viajeros!$C$3:$D$102,A29) -> 0 | C29: =COUNTIF(Viajeros!$J$3:$AD$102,A29) -> 0
A30: Profesor | B30: =COUNTIF(Viajeros!$C$3:$D$102,A30) -> 0 | C30: =COUNTIF(Viajeros!$J$3:$AD$102,A30) -> 2 | D30: 2
A31: Sanador | B31: =COUNTIF(Viajeros!$C$3:$D$102,A31) -> 1 | C31: =COUNTIF(Viajeros!$J$3:$AD$102,A31) -> 5
A32: Sirviente | B32: =COUNTIF(Viajeros!$C$3:$D$102,A32) -> 2 | C32: =COUNTIF(Viajeros!$J$3:$AD$102,A32) -> 3
A33: Sirviente (agricultor) | B33: =COUNTIF(Viajeros!$C$3:$D$102,A33) -> 2 | C33: =COUNTIF(Viajeros!$J$3:$AD$102,A33) -> 2
A34: Bestias | B34: =COUNTIF(Viajeros!$C$3:$D$102,A34) -> 0 | C34: =COUNTIF(Viajeros!$J$3:$AD$102,A34) -> 0
A35: Animales de tiro | B35: =COUNTIF(Viajeros!$C$3:$D$102,A35) -> 2 | C35: =COUNTIF(Viajeros!$J$3:$AD$102,A35) -> 2
A36: Leñador | B36: =COUNTIF(Viajeros!$C$3:$D$102,A36) -> 0 | C36: =COUNTIF(Viajeros!$J$3:$AD$102,A36) -> 6
A37: Nevero | B37: =COUNTIF(Viajeros!$C$3:$D$102,A37) -> 0 | C37: =COUNTIF(Viajeros!$J$3:$AD$102,A37) -> 7
A38: Sirviente (batidor) | B38: =COUNTIF(Viajeros!$C$3:$D$102,A38) -> 0 | C38: =COUNTIF(Viajeros!$J$3:$AD$102,A38) -> 1
A39: Sirviente (boticario) | B39: =COUNTIF(Viajeros!$C$3:$D$102,A39) -> 0 | C39: =COUNTIF(Viajeros!$J$3:$AD$102,A39) -> 1

Sheet Consumo Carro-Viajeros
A1: Carro | B1: CONSUMO | C1: 1 | D1: =C1+1 -> 2 | E1: =D1+1 -> 3 | F1: =E1+1 -> 4 | G1: =F1+1 -> 5 | H1: =G1+1 -> 6 | I1: =H1+1 -> 7 | J1: =I1+1 -> 8 | K1: =J1+1 -> 9 | ... Q1: =P1+1 -> 15
A2: =Caravana!A4 -> Viajeros 1 | B2: =SUM(C2:Q2) -> 8 | C2: =IFERROR(VLOOKUP(Hospedaje!E2,Viajeros!$A$3:$F$102,6,FALSE),0) -> 1 | D2: =IFERROR(VLOOKUP(Hospedaje!F2,Viajeros!$A$3:$F$102,6,FALSE),0) -> 1 | E2: =IFERROR(VLOOKUP(Hospedaje!G2,Viajeros!$A$3:$F$102,6,FALSE),0) -> 1 | F2: =IFERROR(VLOOKUP(Hospedaje!H2,Viajeros!$A$3:$F$102,6,FALSE),0) -> 1 | G2: =IFERROR(VLOOKUP(Hospedaje!I2,Viajeros!$A$3:$F$102,6,FALSE),0) -> 1 | H2: =IFERROR(VLOOKUP(Hospedaje!J2,Viajeros!$A$3:$F$102,6,FALSE),0) -> 1 | I2: =IFERROR(VLOOKUP(Hospedaje!K2,Viajeros!$A$3:$F$102,6,FALSE),0) -> 1 | J2: =IFERROR(VLOOKUP(Hospedaje!L2,Viajeros!$A$3:$F$102,6,FALSE),0) -> 1 | ... Q2: =IFERROR(VLOOKUP(Hospedaje!S2,Viajeros!$A$3:$F$102,6,FALSE),0) -> 0
A3: =Caravana!A5 -> Viajeros 2 | B3: =SUM(C3:Q3) -> 7 | C3: =IFERROR(VLOOKUP(Hospedaje!E3,Viajeros!$A$3:$F$102,6,FALSE),0) -> 1 | D3: =IFERROR(VLOOKUP(Hospedaje!F3,Viajeros!$A$3:$F$102,6,FALSE),0) -> 1 | E3: =IFERROR(VLOOKUP(Hospedaje!G3,Viajeros!$A$3:$F$102,6,FALSE),0) -> 1 | F3: =IFERROR(VLOOKUP(Hospedaje!H3,Viajeros!$A$3:$F$102,6,FALSE),0) -> 1 | G3: =IFERROR(VLOOKUP(Hospedaje!I3,Viajeros!$A$3:$F$102,6,FALSE),0) -> 1 | H3: =IFERROR(VLOOKUP(Hospedaje!J3,Viajeros!$A$3:$F$102,6,FALSE),0) -> 1 | I3: =IFERROR(VLOOKUP(Hospedaje!K3,Viajeros!$A$3:$F$102,6,FALSE),0) -> 1 | J3: =IFERROR(VLOOKUP(Hospedaje!L3,Viajeros!$A$3:$F$102,6,FALSE),0) -> 0 | ... Q3: =IFERROR(VLOOKUP(Hospedaje!S3,Viajeros!$A$3:$F$102,6,FALSE),0) -> 0
A4: =Caravana!A6 -> Viajeros 3 | B4: =SUM(C4:Q4) -> 7 | C4: =IFERROR(VLOOKUP(Hospedaje!E4,Viajeros!$A$3:$F$102,6,FALSE),0) -> 1 | D4: =IFERROR(VLOOKUP(Hospedaje!F4,Viajeros!$A$3:$F$102,6,FALSE),0) -> 1 | E4: =IFERROR(VLOOKUP(Hospedaje!G4,Viajeros!$A$3:$F$102,6,FALSE),0) -> 1 | F4: =IFERROR(VLOOKUP(Hospedaje!H4,Viajeros!$A$3:$F$102,6,FALSE),0) -> 1 | G4: =IFERROR(VLOOKUP(Hospedaje!I4,Viajeros!$A$3:$F$102,6,FALSE),0) -> 1 | H4: =IFERROR(VLOOKUP(Hospedaje!J4,Viajeros!$A$3:$F$102,6,FALSE),0) -> 1 | I4: =IFERROR(VLOOKUP(Hospedaje!K4,Viajeros!$A$3:$F$102,6,FALSE),0) -> 1 | J4: =IFERROR(VLOOKUP(Hospedaje!L4,Viajeros!$A$3:$F$102,6,FALSE),0) -> 0 | ... Q4: =IFERROR(VLOOKUP(Hospedaje!S4,Viajeros!$A$3:$F$102,6,FALSE),0) -> 0
A5: =Caravana!A7 -> Viajeros 4 | B5: =SUM(C5:Q5) -> 7 | C5: =IFERROR(VLOOKUP(Hospedaje!E5,Viajeros!$A$3:$F$102,6,FALSE),0) -> 1 | D5: =IFERROR(VLOOKUP(Hospedaje!F5,Viajeros!$A$3:$F$102,6,FALSE),0) -> 1 | E5: =IFERROR(VLOOKUP(Hospedaje!G5,Viajeros!$A$3:$F$102,6,FALSE),0) -> 1 | F5: =IFERROR(VLOOKUP(Hospedaje!H5,Viajeros!$A$3:$F$102,6,FALSE),0) -> 1 | G5: =IFERROR(VLOOKUP(Hospedaje!I5,Viajeros!$A$3:$F$102,6,FALSE),0) -> 1 | H5: =IFERROR(VLOOKUP(Hospedaje!J5,Viajeros!$A$3:$F$102,6,FALSE),0) -> 1 | I5: =IFERROR(VLOOKUP(Hospedaje!K5,Viajeros!$A$3:$F$102,6,FALSE),0) -> 1 | J5: =IFERROR(VLOOKUP(Hospedaje!L5,Viajeros!$A$3:$F$102,6,FALSE),0) -> 0 | ... Q5: =IFERROR(VLOOKUP(Hospedaje!S5,Viajeros!$A$3:$F$102,6,FALSE),0) -> 0
A6: =Caravana!A8 -> Viajeros 5 | B6: =SUM(C6:Q6) -> 6 | C6: =IFERROR(VLOOKUP(Hospedaje!E6,Viajeros!$A$3:$F$102,6,FALSE),0) -> 1 | D6: =IFERROR(VLOOKUP(Hospedaje!F6,Viajeros!$A$3:$F$102,6,FALSE),0) -> 1 | E6: =IFERROR(VLOOKUP(Hospedaje!G6,Viajeros!$A$3:$F$102,6,FALSE),0) -> 1 | F6: =IFERROR(VLOOKUP(Hospedaje!H6,Viajeros!$A$3:$F$102,6,FALSE),0) -> 1 | G6: =IFERROR(VLOOKUP(Hospedaje!I6,Viajeros!$A$3:$F$102,6,FALSE),0) -> 1 | H6: =IFERROR(VLOOKUP(Hospedaje!J6,Viajeros!$A$3:$F$102,6,FALSE),0) -> 1 | I6: =IFERROR(VLOOKUP(Hospedaje!K6,Viajeros!$A$3:$F$102,6,FALSE),0) -> 0 | J6: =IFERROR(VLOOKUP(Hospedaje!L6,Viajeros!$A$3:$F$102,6,FALSE),0) -> 0 | ... Q6: =IFERROR(VLOOKUP(Hospedaje!S6,Viajeros!$A$3:$F$102,6,FALSE),0) -> 0
A7: =Caravana!A9 -> Prisioneros | B7: =SUM(C7:Q7) -> 0 | C7: =IFERROR(VLOOKUP(Hospedaje!E7,Viajeros!$A$3:$F$102,6,FALSE),0) -> 0 | D7: =IFERROR(VLOOKUP(Hospedaje!F7,Viajeros!$A$3:$F$102,6,FALSE),0) -> 0 | E7: =IFERROR(VLOOKUP(Hospedaje!G7,Viajeros!$A$3:$F$102,6,FALSE),0) -> 0 | F7: =IFERROR(VLOOKUP(Hospedaje!H7,Viajeros!$A$3:$F$102,6,FALSE),0) -> 0 | G7: =IFERROR(VLOOKUP(Hospedaje!I7,Viajeros!$A$3:$F$102,6,FALSE),0) -> 0 | H7: =IFERROR(VLOOKUP(Hospedaje!J7,Viajeros!$A$3:$F$102,6,FALSE),0) -> 0 | I7: =IFERROR(VLOOKUP(Hospedaje!K7,Viajeros!$A$3:$F$102,6,FALSE),0) -> 0 | J7: =IFERROR(VLOOKUP(Hospedaje!L7,Viajeros!$A$3:$F$102,6,FALSE),0) -> 0 | ... Q7: =IFERROR(VLOOKUP(Hospedaje!S7,Viajeros!$A$3:$F$102,6,FALSE),0) -> 0
A8: =Caravana!A10 -> Zoo | B8: =SUM(C8:Q8) -> 1 | C8: =IFERROR(VLOOKUP(Hospedaje!E8,Viajeros!$A$3:$F$102,6,FALSE),0) -> 0 | D8: =IFERROR(VLOOKUP(Hospedaje!F8,Viajeros!$A$3:$F$102,6,FALSE),0) -> 0 | E8: =IFERROR(VLOOKUP(Hospedaje!G8,Viajeros!$A$3:$F$102,6,FALSE),0) -> 1 | F8: =IFERROR(VLOOKUP(Hospedaje!H8,Viajeros!$A$3:$F$102,6,FALSE),0) -> 0 | G8: =IFERROR(VLOOKUP(Hospedaje!I8,Viajeros!$A$3:$F$102,6,FALSE),0) -> 0 | H8: =IFERROR(VLOOKUP(Hospedaje!J8,Viajeros!$A$3:$F$102,6,FALSE),0) -> 0 | I8: =IFERROR(VLOOKUP(Hospedaje!K8,Viajeros!$A$3:$F$102,6,FALSE),0) -> 0 | J8: =IFERROR(VLOOKUP(Hospedaje!L8,Viajeros!$A$3:$F$102,6,FALSE),0) -> 0 | ... Q8: =IFERROR(VLOOKUP(Hospedaje!S8,Viajeros!$A$3:$F$102,6,FALSE),0) -> 0
A9: =Caravana!A11 -> Familias Kalsgard | B9: =SUM(C9:Q9) -> 8 | C9: =IFERROR(VLOOKUP(Hospedaje!E9,Viajeros!$A$3:$F$102,6,FALSE),0) -> 1 | D9: =IFERROR(VLOOKUP(Hospedaje!F9,Viajeros!$A$3:$F$102,6,FALSE),0) -> 1 | E9: =IFERROR(VLOOKUP(Hospedaje!G9,Viajeros!$A$3:$F$102,6,FALSE),0) -> 1 | F9: =IFERROR(VLOOKUP(Hospedaje!H9,Viajeros!$A$3:$F$102,6,FALSE),0) -> 1 | G9: =IFERROR(VLOOKUP(Hospedaje!I9,Viajeros!$A$3:$F$102,6,FALSE),0) -> 1 | H9: =IFERROR(VLOOKUP(Hospedaje!J9,Viajeros!$A$3:$F$102,6,FALSE),0) -> 1 | I9: =IFERROR(VLOOKUP(Hospedaje!K9,Viajeros!$A$3:$F$102,6,FALSE),0) -> 1 | J9: =IFERROR(VLOOKUP(Hospedaje!L9,Viajeros!$A$3:$F$102,6,FALSE),0) -> 1 | ... Q9: =IFERROR(VLOOKUP(Hospedaje!S9,Viajeros!$A$3:$F$102,6,FALSE),0) -> 0
A10: =Caravana!A12 -> Mercancías Hierro | B10: =SUM(C10:Q10) -> 0 | C10: =IFERROR(VLOOKUP(Hospedaje!E10,Viajeros!$A$3:$F$102,6,FALSE),0) -> 0 | D10: =IFERROR(VLOOKUP(Hospedaje!F10,Viajeros!$A$3:$F$102,6,FALSE),0) -> 0 | E10: =IFERROR(VLOOKUP(Hospedaje!G10,Viajeros!$A$3:$F$102,6,FALSE),0) -> 0 | F10: =IFERROR(VLOOKUP(Hospedaje!H10,Viajeros!$A$3:$F$102,6,FALSE),0) -> 0 | G10: =IFERROR(VLOOKUP(Hospedaje!I10,Viajeros!$A$3:$F$102,6,FALSE),0) -> 0 | H10: =IFERROR(VLOOKUP(Hospedaje!J10,Viajeros!$A$3:$F$102,6,FALSE),0) -> 0 | I10: =IFERROR(VLOOKUP(Hospedaje!K10,Viajeros!$A$3:$F$102,6,FALSE),0) -> 0 | J10: =IFERROR(VLOOKUP(Hospedaje!L10,Viajeros!$A$3:$F$102,6,FALSE),0) -> 0 | ... Q10: =IFERROR(VLOOKUP(Hospedaje!S10,Viajeros!$A$3:$F$102,6,FALSE),0) -> 0
A11: =Caravana!A13 -> Mercancías General | B11: =SUM(C11:Q11) -> 0 | C11: =IFERROR(VLOOKUP(Hospedaje!E11,Viajeros!$A$3:$F$102,6,FALSE),0) -> 0 | D11: =IFERROR(VLOOKUP(Hospedaje!F11,Viajeros!$A$3:$F$102,6,FALSE),0) -> 0 | E11: =IFERROR(VLOOKUP(Hospedaje!G11,Viajeros!$A$3:$F$102,6,FALSE),0) -> 0 | F11: =IFERROR(VLOOKUP(Hospedaje!H11,Viajeros!$A$3:$F$102,6,FALSE),0) -> 0 | G11: =IFERROR(VLOOKUP(Hospedaje!I11,Viajeros!$A$3:$F$102,6,FALSE),0) -> 0 | H11: =IFERROR(VLOOKUP(Hospedaje!J11,Viajeros!$A$3:$F$102,6,FALSE),0) -> 0 | I11: =IFERROR(VLOOKUP(Hospedaje!K11,Viajeros!$A$3:$F$102,6,FALSE),0) -> 0 | J11: =IFERROR(VLOOKUP(Hospedaje!L11,Viajeros!$A$3:$F$102,6,FALSE),0) -> 0 | ... Q11: =IFERROR(VLOOKUP(Hospedaje!S11,Viajeros!$A$3:$F$102,6,FALSE),0) -> 0
A12: =Caravana!A14 -> Mercancías Punta Arena | B12: =SUM(C12:Q12) -> 0 | C12: =IFERROR(VLOOKUP(Hospedaje!E12,Viajeros!$A$3:$F$102,6,FALSE),0) -> 0 | D12: =IFERROR(VLOOKUP(Hospedaje!F12,Viajeros!$A$3:$F$102,6,FALSE),0) -> 0 | E12: =IFERROR(VLOOKUP(Hospedaje!G12,Viajeros!$A$3:$F$102,6,FALSE),0) -> 0 | F12: =IFERROR(VLOOKUP(Hospedaje!H12,Viajeros!$A$3:$F$102,6,FALSE),0) -> 0 | G12: =IFERROR(VLOOKUP(Hospedaje!I12,Viajeros!$A$3:$F$102,6,FALSE),0) -> 0 | H12: =IFERROR(VLOOKUP(Hospedaje!J12,Viajeros!$A$3:$F$102,6,FALSE),0) -> 0 | I12: =IFERROR(VLOOKUP(Hospedaje!K12,Viajeros!$A$3:$F$102,6,FALSE),0) -> 0 | J12: =IFERROR(VLOOKUP(Hospedaje!L12,Viajeros!$A$3:$F$102,6,FALSE),0) -> 0 | ... Q12: =IFERROR(VLOOKUP(Hospedaje!S12,Viajeros!$A$3:$F$102,6,FALSE),0) -> 0
A13: =Caravana!A15 -> Mercancías Kalsgard | B13: =SUM(C13:Q13) -> 0 | C13: =IFERROR(VLOOKUP(Hospedaje!E13,Viajeros!$A$3:$F$102,6,FALSE),0) -> 0 | D13: =IFERROR(VLOOKUP(Hospedaje!F13,Viajeros!$A$3:$F$102,6,FALSE),0) -> 0 | E13: =IFERROR(VLOOKUP(Hospedaje!G13,Viajeros!$A$3:$F$102,6,FALSE),0) -> 0 | F13: =IFERROR(VLOOKUP(Hospedaje!H13,Viajeros!$A$3:$F$102,6,FALSE),0) -> 0 | G13: =IFERROR(VLOOKUP(Hospedaje!I13,Viajeros!$A$3:$F$102,6,FALSE),0) -> 0 | H13: =IFERROR(VLOOKUP(Hospedaje!J13,Viajeros!$A$3:$F$102,6,FALSE),0) -> 0 | I13: =IFERROR(VLOOKUP(Hospedaje!K13,Viajeros!$A$3:$F$102,6,FALSE),0) -> 0 | J13: =IFERROR(VLOOKUP(Hospedaje!L13,Viajeros!$A$3:$F$102,6,FALSE),0) -> 0 | ... Q13: =IFERROR(VLOOKUP(Hospedaje!S13,Viajeros!$A$3:$F$102,6,FALSE),0) -> 0
... A32: =Caravana!A34 | B32: =SUM(C32:Q32) -> 0 | C32: =IFERROR(VLOOKUP(Hospedaje!E32,Viajeros!$A$3:$F$102,6,FALSE),0) -> 0 | D32: =IFERROR(VLOOKUP(Hospedaje!F32,Viajeros!$A$3:$F$102,6,FALSE),0) -> 0 | E32: =IFERROR(VLOOKUP(Hospedaje!G32,Viajeros!$A$3:$F$102,6,FALSE),0) -> 0 | F32: =IFERROR(VLOOKUP(Hospedaje!H32,Viajeros!$A$3:$F$102,6,FALSE),0) -> 0 | G32: =IFERROR(VLOOKUP(Hospedaje!I32,Viajeros!$A$3:$F$102,6,FALSE),0) -> 0 | H32: =IFERROR(VLOOKUP(Hospedaje!J32,Viajeros!$A$3:$F$102,6,FALSE),0) -> 0 | I32: =IFERROR(VLOOKUP(Hospedaje!K32,Viajeros!$A$3:$F$102,6,FALSE),0) -> 0 | J32: =IFERROR(VLOOKUP(Hospedaje!L32,Viajeros!$A$3:$F$102,6,FALSE),0) -> 0 | ... Q32: =IFERROR(VLOOKUP(Hospedaje!S32,Viajeros!$A$3:$F$102,6,FALSE),0) -> 0

Sheet Fuerza Carro-Tiro
A1: Carro | B1: FUERZA | C1: 1 | D1: =C1+1 -> 2 | E1: =D1+1 -> 3 | F1: =E1+1 -> 4 | G1: =F1+1 -> 5 | H1: =G1+1 -> 6 | I1: =H1+1 -> 7 | J1: =I1+1 -> 8
A2: =Caravana!A4 -> Viajeros 1 | B2: =SUM(C2:J2) -> 28 | C2: =IFERROR(VLOOKUP(Tiro!G2,'Lista Bestias Carga'!$A$1:$F$17,3,FALSE),0) -> 14 | D2: =IFERROR(VLOOKUP(Tiro!H2,'Lista Bestias Carga'!$A$1:$F$17,3,FALSE),0) -> 14 | E2: =IFERROR(VLOOKUP(Tiro!I2,'Lista Bestias Carga'!$A$1:$F$17,3,FALSE),0) -> 0 | F2: =IFERROR(VLOOKUP(Tiro!J2,'Lista Bestias Carga'!$A$1:$F$17,3,FALSE),0) -> 0 | G2: =IFERROR(VLOOKUP(Tiro!K2,'Lista Bestias Carga'!$A$1:$F$17,3,FALSE),0) -> 0 | H2: =IFERROR(VLOOKUP(Tiro!L2,'Lista Bestias Carga'!$A$1:$F$17,3,FALSE),0) -> 0 | I2: =IFERROR(VLOOKUP(Tiro!M2,'Lista Bestias Carga'!$A$1:$F$17,3,FALSE),0) -> 0 | J2: =IFERROR(VLOOKUP(Tiro!N2,'Lista Bestias Carga'!$A$1:$F$17,3,FALSE),0) -> 0
A3: =Caravana!A5 -> Viajeros 2 | B3: =SUM(C3:J3) -> 28 | C3: =IFERROR(VLOOKUP(Tiro!G3,'Lista Bestias Carga'!$A$1:$F$17,3,FALSE),0) -> 14 | D3: =IFERROR(VLOOKUP(Tiro!H3,'Lista Bestias Carga'!$A$1:$F$17,3,FALSE),0) -> 14 | E3: =IFERROR(VLOOKUP(Tiro!I3,'Lista Bestias Carga'!$A$1:$F$17,3,FALSE),0) -> 0 | F3: =IFERROR(VLOOKUP(Tiro!J3,'Lista Bestias Carga'!$A$1:$F$17,3,FALSE),0) -> 0 | G3: =IFERROR(VLOOKUP(Tiro!K3,'Lista Bestias Carga'!$A$1:$F$17,3,FALSE),0) -> 0 | H3: =IFERROR(VLOOKUP(Tiro!L3,'Lista Bestias Carga'!$A$1:$F$17,3,FALSE),0) -> 0 | I3: =IFERROR(VLOOKUP(Tiro!M3,'Lista Bestias Carga'!$A$1:$F$17,3,FALSE),0) -> 0 | J3: =IFERROR(VLOOKUP(Tiro!N3,'Lista Bestias Carga'!$A$1:$F$17,3,FALSE),0) -> 0
A4: =Caravana!A6 -> Viajeros 3 | B4: =SUM(C4:J4) -> 28 | C4: =IFERROR(VLOOKUP(Tiro!G4,'Lista Bestias Carga'!$A$1:$F$17,3,FALSE),0) -> 14 | D4: =IFERROR(VLOOKUP(Tiro!H4,'Lista Bestias Carga'!$A$1:$F$17,3,FALSE),0) -> 14 | E4: =IFERROR(VLOOKUP(Tiro!I4,'Lista Bestias Carga'!$A$1:$F$17,3,FALSE),0) -> 0 | F4: =IFERROR(VLOOKUP(Tiro!J4,'Lista Bestias Carga'!$A$1:$F$17,3,FALSE),0) -> 0 | G4: =IFERROR(VLOOKUP(Tiro!K4,'Lista Bestias Carga'!$A$1:$F$17,3,FALSE),0) -> 0 | H4: =IFERROR(VLOOKUP(Tiro!L4,'Lista Bestias Carga'!$A$1:$F$17,3,FALSE),0) -> 0 | I4: =IFERROR(VLOOKUP(Tiro!M4,'Lista Bestias Carga'!$A$1:$F$17,3,FALSE),0) -> 0 | J4: =IFERROR(VLOOKUP(Tiro!N4,'Lista Bestias Carga'!$A$1:$F$17,3,FALSE),0) -> 0
A5: =Caravana!A7 -> Viajeros 4 | B5: =SUM(C5:J5) -> 28 | C5: =IFERROR(VLOOKUP(Tiro!G5,'Lista Bestias Carga'!$A$1:$F$17,3,FALSE),0) -> 14 | D5: =IFERROR(VLOOKUP(Tiro!H5,'Lista Bestias Carga'!$A$1:$F$17,3,FALSE),0) -> 14 | E5: =IFERROR(VLOOKUP(Tiro!I5,'Lista Bestias Carga'!$A$1:$F$17,3,FALSE),0) -> 0 | F5: =IFERROR(VLOOKUP(Tiro!J5,'Lista Bestias Carga'!$A$1:$F$17,3,FALSE),0) -> 0 | G5: =IFERROR(VLOOKUP(Tiro!K5,'Lista Bestias Carga'!$A$1:$F$17,3,FALSE),0) -> 0 | H5: =IFERROR(VLOOKUP(Tiro!L5,'Lista Bestias Carga'!$A$1:$F$17,3,FALSE),0) -> 0 | I5: =IFERROR(VLOOKUP(Tiro!M5,'Lista Bestias Carga'!$A$1:$F$17,3,FALSE),0) -> 0 | J5: =IFERROR(VLOOKUP(Tiro!N5,'Lista Bestias Carga'!$A$1:$F$17,3,FALSE),0) -> 0
A6: =Caravana!A8 -> Viajeros 5 | B6: =SUM(C6:J6) -> 28 | C6: =IFERROR(VLOOKUP(Tiro!G6,'Lista Bestias Carga'!$A$1:$F$17,3,FALSE),0) -> 14 | D6: =IFERROR(VLOOKUP(Tiro!H6,'Lista Bestias Carga'!$A$1:$F$17,3,FALSE),0) -> 14 | E6: =IFERROR(VLOOKUP(Tiro!I6,'Lista Bestias Carga'!$A$1:$F$17,3,FALSE),0) -> 0 | F6: =IFERROR(VLOOKUP(Tiro!J6,'Lista Bestias Carga'!$A$1:$F$17,3,FALSE),0) -> 0 | G6: =IFERROR(VLOOKUP(Tiro!K6,'Lista Bestias Carga'!$A$1:$F$17,3,FALSE),0) -> 0 | H6: =IFERROR(VLOOKUP(Tiro!L6,'Lista Bestias Carga'!$A$1:$F$17,3,FALSE),0) -> 0 | I6: =IFERROR(VLOOKUP(Tiro!M6,'Lista Bestias Carga'!$A$1:$F$17,3,FALSE),0) -> 0 | J6: =IFERROR(VLOOKUP(Tiro!N6,'Lista Bestias Carga'!$A$1:$F$17,3,FALSE),0) -> 0
A7: =Caravana!A9 -> Prisioneros | B7: =SUM(C7:J7) -> 14 | C7: =IFERROR(VLOOKUP(Tiro!G7,'Lista Bestias Carga'!$A$1:$F$17,3,FALSE),0) -> 14 | D7: =IFERROR(VLOOKUP(Tiro!H7,'Lista Bestias Carga'!$A$1:$F$17,3,FALSE),0) -> 0 | E7: =IFERROR(VLOOKUP(Tiro!I7,'Lista Bestias Carga'!$A$1:$F$17,3,FALSE),0) -> 0 | F7: =IFERROR(VLOOKUP(Tiro!J7,'Lista Bestias Carga'!$A$1:$F$17,3,FALSE),0) -> 0 | G7: =IFERROR(VLOOKUP(Tiro!K7,'Lista Bestias Carga'!$A$1:$F$17,3,FALSE),0) -> 0 | H7: =IFERROR(VLOOKUP(Tiro!L7,'Lista Bestias Carga'!$A$1:$F$17,3,FALSE),0) -> 0 | I7: =IFERROR(VLOOKUP(Tiro!M7,'Lista Bestias Carga'!$A$1:$F$17,3,FALSE),0) -> 0 | J7: =IFERROR(VLOOKUP(Tiro!N7,'Lista Bestias Carga'!$A$1:$F$17,3,FALSE),0) -> 0
A8: =Caravana!A10 -> Zoo | B8: =SUM(C8:J8) -> 14 | C8: =IFERROR(VLOOKUP(Tiro!G8,'Lista Bestias Carga'!$A$1:$F$17,3,FALSE),0) -> 14 | D8: =IFERROR(VLOOKUP(Tiro!H8,'Lista Bestias Carga'!$A$1:$F$17,3,FALSE),0) -> 0 | E8: =IFERROR(VLOOKUP(Tiro!I8,'Lista Bestias Carga'!$A$1:$F$17,3,FALSE),0) -> 0 | F8: =IFERROR(VLOOKUP(Tiro!J8,'Lista Bestias Carga'!$A$1:$F$17,3,FALSE),0) -> 0 | G8: =IFERROR(VLOOKUP(Tiro!K8,'Lista Bestias Carga'!$A$1:$F$17,3,FALSE),0) -> 0 | H8: =IFERROR(VLOOKUP(Tiro!L8,'Lista Bestias Carga'!$A$1:$F$17,3,FALSE),0) -> 0 | I8: =IFERROR(VLOOKUP(Tiro!M8,'Lista Bestias Carga'!$A$1:$F$17,3,FALSE),0) -> 0 | J8: =IFERROR(VLOOKUP(Tiro!N8,'Lista Bestias Carga'!$A$1:$F$17,3,FALSE),0) -> 0
A9: =Caravana!A11 -> Familias Kalsgard | B9: =SUM(C9:J9) -> 28 | C9: =IFERROR(VLOOKUP(Tiro!G9,'Lista Bestias Carga'!$A$1:$F$17,3,FALSE),0) -> 14 | D9: =IFERROR(VLOOKUP(Tiro!H9,'Lista Bestias Carga'!$A$1:$F$17,3,FALSE),0) -> 14 | E9: =IFERROR(VLOOKUP(Tiro!I9,'Lista Bestias Carga'!$A$1:$F$17,3,FALSE),0) -> 0 | F9: =IFERROR(VLOOKUP(Tiro!J9,'Lista Bestias Carga'!$A$1:$F$17,3,FALSE),0) -> 0 | G9: =IFERROR(VLOOKUP(Tiro!K9,'Lista Bestias Carga'!$A$1:$F$17,3,FALSE),0) -> 0 | H9: =IFERROR(VLOOKUP(Tiro!L9,'Lista Bestias Carga'!$A$1:$F$17,3,FALSE),0) -> 0 | I9: =IFERROR(VLOOKUP(Tiro!M9,'Lista Bestias Carga'!$A$1:$F$17,3,FALSE),0) -> 0 | J9: =IFERROR(VLOOKUP(Tiro!N9,'Lista Bestias Carga'!$A$1:$F$17,3,FALSE),0) -> 0
A10: =Caravana!A12 -> Mercancías Hierro | B10: =SUM(C10:J10) -> 28 | C10: =IFERROR(VLOOKUP(Tiro!G10,'Lista Bestias Carga'!$A$1:$F$17,3,FALSE),0) -> 14 | D10: =IFERROR(VLOOKUP(Tiro!H10,'Lista Bestias Carga'!$A$1:$F$17,3,FALSE),0) -> 14 | E10: =IFERROR(VLOOKUP(Tiro!I10,'Lista Bestias Carga'!$A$1:$F$17,3,FALSE),0) -> 0 | F10: =IFERROR(VLOOKUP(Tiro!J10,'Lista Bestias Carga'!$A$1:$F$17,3,FALSE),0) -> 0 | G10: =IFERROR(VLOOKUP(Tiro!K10,'Lista Bestias Carga'!$A$1:$F$17,3,FALSE),0) -> 0 | H10: =IFERROR(VLOOKUP(Tiro!L10,'Lista Bestias Carga'!$A$1:$F$17,3,FALSE),0) -> 0 | I10: =IFERROR(VLOOKUP(Tiro!M10,'Lista Bestias Carga'!$A$1:$F$17,3,FALSE),0) -> 0 | J10: =IFERROR(VLOOKUP(Tiro!N10,'Lista Bestias Carga'!$A$1:$F$17,3,FALSE),0) -> 0
A11: =Caravana!A13 -> Mercancías General | B11: =SUM(C11:J11) -> 28 | C11: =IFERROR(VLOOKUP(Tiro!G11,'Lista Bestias Carga'!$A$1:$F$17,3,FALSE),0) -> 14 | D11: =IFERROR(VLOOKUP(Tiro!H11,'Lista Bestias Carga'!$A$1:$F$17,3,FALSE),0) -> 14 | E11: =IFERROR(VLOOKUP(Tiro!I11,'Lista Bestias Carga'!$A$1:$F$17,3,FALSE),0) -> 0 | F11: =IFERROR(VLOOKUP(Tiro!J11,'Lista Bestias Carga'!$A$1:$F$17,3,FALSE),0) -> 0 | G11: =IFERROR(VLOOKUP(Tiro!K11,'Lista Bestias Carga'!$A$1:$F$17,3,FALSE),0) -> 0 | H11: =IFERROR(VLOOKUP(Tiro!L11,'Lista Bestias Carga'!$A$1:$F$17,3,FALSE),0) -> 0 | I11: =IFERROR(VLOOKUP(Tiro!M11,'Lista Bestias Carga'!$A$1:$F$17,3,FALSE),0) -> 0 | J11: =IFERROR(VLOOKUP(Tiro!N11,'Lista Bestias Carga'!$A$1:$F$17,3,FALSE),0) -> 0
A12: =Caravana!A14 -> Mercancías Punta Arena | B12: =SUM(C12:J12) -> 28 | C12: =IFERROR(VLOOKUP(Tiro!G12,'Lista Bestias Carga'!$A$1:$F$17,3,FALSE),0) -> 14 | D12: =IFERROR(VLOOKUP(Tiro!H12,'Lista Bestias Carga'!$A$1:$F$17,3,FALSE),0) -> 14 | E12: =IFERROR(VLOOKUP(Tiro!I12,'Lista Bestias Carga'!$A$1:$F$17,3,FALSE),0) -> 0 | F12: =IFERROR(VLOOKUP(Tiro!J12,'Lista Bestias Carga'!$A$1:$F$17,3,FALSE),0) -> 0 | G12: =IFERROR(VLOOKUP(Tiro!K12,'Lista Bestias Carga'!$A$1:$F$17,3,FALSE),0) -> 0 | H12: =IFERROR(VLOOKUP(Tiro!L12,'Lista Bestias Carga'!$A$1:$F$17,3,FALSE),0) -> 0 | I12: =IFERROR(VLOOKUP(Tiro!M12,'Lista Bestias Carga'!$A$1:$F$17,3,FALSE),0) -> 0 | J12: =IFERROR(VLOOKUP(Tiro!N12,'Lista Bestias Carga'!$A$1:$F$17,3,FALSE),0) -> 0
A13: =Caravana!A15 -> Mercancías Kalsgard | B13: =SUM(C13:J13) -> 28 | C13: =IFERROR(VLOOKUP(Tiro!G13,'Lista Bestias Carga'!$A$1:$F$17,3,FALSE),0) -> 14 | D13: =IFERROR(VLOOKUP(Tiro!H13,'Lista Bestias Carga'!$A$1:$F$17,3,FALSE),0) -> 14 | E13: =IFERROR(VLOOKUP(Tiro!I13,'Lista Bestias Carga'!$A$1:$F$17,3,FALSE),0) -> 0 | F13: =IFERROR(VLOOKUP(Tiro!J13,'Lista Bestias Carga'!$A$1:$F$17,3,FALSE),0) -> 0 | G13: =IFERROR(VLOOKUP(Tiro!K13,'Lista Bestias Carga'!$A$1:$F$17,3,FALSE),0) -> 0 | H13: =IFERROR(VLOOKUP(Tiro!L13,'Lista Bestias Carga'!$A$1:$F$17,3,FALSE),0) -> 0 | I13: =IFERROR(VLOOKUP(Tiro!M13,'Lista Bestias Carga'!$A$1:$F$17,3,FALSE),0) -> 0 | J13: =IFERROR(VLOOKUP(Tiro!N13,'Lista Bestias Carga'!$A$1:$F$17,3,FALSE),0) -> 0
... A32: =Caravana!A34 | B32: =SUM(C32:J32) -> 0 | C32: =IFERROR(VLOOKUP(Tiro!G32,'Lista Bestias Carga'!$A$1:$F$17,3,FALSE),0) -> 0 | D32: =IFERROR(VLOOKUP(Tiro!H32,'Lista Bestias Carga'!$A$1:$F$17,3,FALSE),0) -> 0 | E32: =IFERROR(VLOOKUP(Tiro!I32,'Lista Bestias Carga'!$A$1:$F$17,3,FALSE),0) -> 0 | F32: =IFERROR(VLOOKUP(Tiro!J32,'Lista Bestias Carga'!$A$1:$F$17,3,FALSE),0) -> 0 | G32: =IFERROR(VLOOKUP(Tiro!K32,'Lista Bestias Carga'!$A$1:$F$17,3,FALSE),0) -> 0 | H32: =IFERROR(VLOOKUP(Tiro!L32,'Lista Bestias Carga'!$A$1:$F$17,3,FALSE),0) -> 0 | I32: =IFERROR(VLOOKUP(Tiro!M32,'Lista Bestias Carga'!$A$1:$F$17,3,FALSE),0) -> 0 | J32: =IFERROR(VLOOKUP(Tiro!N32,'Lista Bestias Carga'!$A$1:$F$17,3,FALSE),0) -> 0

Sheet Ocupación Carro-Tiro
A1: Carro | B1: OCUPACIÓN | C1: 1 | D1: =C1+1 -> 2 | E1: =D1+1 -> 3 | F1: =E1+1 -> 4 | G1: =F1+1 -> 5 | H1: =G1+1 -> 6 | I1: =H1+1 -> 7 | J1: =I1+1 -> 8
A2: =Caravana!A4 -> Viajeros 1 | B2: =SUM(C2:J2) -> 2 | C2: =IFERROR(VLOOKUP(Tiro!G2,'Lista Bestias Carga'!$A$1:$F$17,4,FALSE),0) -> 1 | D2: =IFERROR(VLOOKUP(Tiro!H2,'Lista Bestias Carga'!$A$1:$F$17,4,FALSE),0) -> 1 | E2: =IFERROR(VLOOKUP(Tiro!I2,'Lista Bestias Carga'!$A$1:$F$17,4,FALSE),0) -> 0 | F2: =IFERROR(VLOOKUP(Tiro!J2,'Lista Bestias Carga'!$A$1:$F$17,4,FALSE),0) -> 0 | G2: =IFERROR(VLOOKUP(Tiro!K2,'Lista Bestias Carga'!$A$1:$F$17,4,FALSE),0) -> 0 | H2: =IFERROR(VLOOKUP(Tiro!L2,'Lista Bestias Carga'!$A$1:$F$17,4,FALSE),0) -> 0 | I2: =IFERROR(VLOOKUP(Tiro!M2,'Lista Bestias Carga'!$A$1:$F$17,4,FALSE),0) -> 0 | J2: =IFERROR(VLOOKUP(Tiro!N2,'Lista Bestias Carga'!$A$1:$F$17,4,FALSE),0) -> 0
A3: =Caravana!A5 -> Viajeros 2 | B3: =SUM(C3:J3) -> 2 | C3: =IFERROR(VLOOKUP(Tiro!G3,'Lista Bestias Carga'!$A$1:$F$17,4,FALSE),0) -> 1 | D3: =IFERROR(VLOOKUP(Tiro!H3,'Lista Bestias Carga'!$A$1:$F$17,4,FALSE),0) -> 1 | E3: =IFERROR(VLOOKUP(Tiro!I3,'Lista Bestias Carga'!$A$1:$F$17,4,FALSE),0) -> 0 | F3: =IFERROR(VLOOKUP(Tiro!J3,'Lista Bestias Carga'!$A$1:$F$17,4,FALSE),0) -> 0 | G3: =IFERROR(VLOOKUP(Tiro!K3,'Lista Bestias Carga'!$A$1:$F$17,4,FALSE),0) -> 0 | H3: =IFERROR(VLOOKUP(Tiro!L3,'Lista Bestias Carga'!$A$1:$F$17,4,FALSE),0) -> 0 | I3: =IFERROR(VLOOKUP(Tiro!M3,'Lista Bestias Carga'!$A$1:$F$17,4,FALSE),0) -> 0 | J3: =IFERROR(VLOOKUP(Tiro!N3,'Lista Bestias Carga'!$A$1:$F$17,4,FALSE),0) -> 0
A4: =Caravana!A6 -> Viajeros 3 | B4: =SUM(C4:J4) -> 2 | C4: =IFERROR(VLOOKUP(Tiro!G4,'Lista Bestias Carga'!$A$1:$F$17,4,FALSE),0) -> 1 | D4: =IFERROR(VLOOKUP(Tiro!H4,'Lista Bestias Carga'!$A$1:$F$17,4,FALSE),0) -> 1 | E4: =IFERROR(VLOOKUP(Tiro!I4,'Lista Bestias Carga'!$A$1:$F$17,4,FALSE),0) -> 0 | F4: =IFERROR(VLOOKUP(Tiro!J4,'Lista Bestias Carga'!$A$1:$F$17,4,FALSE),0) -> 0 | G4: =IFERROR(VLOOKUP(Tiro!K4,'Lista Bestias Carga'!$A$1:$F$17,4,FALSE),0) -> 0 | H4: =IFERROR(VLOOKUP(Tiro!L4,'Lista Bestias Carga'!$A$1:$F$17,4,FALSE),0) -> 0 | I4: =IFERROR(VLOOKUP(Tiro!M4,'Lista Bestias Carga'!$A$1:$F$17,4,FALSE),0) -> 0 | J4: =IFERROR(VLOOKUP(Tiro!N4,'Lista Bestias Carga'!$A$1:$F$17,4,FALSE),0) -> 0
A5: =Caravana!A7 -> Viajeros 4 | B5: =SUM(C5:J5) -> 2 | C5: =IFERROR(VLOOKUP(Tiro!G5,'Lista Bestias Carga'!$A$1:$F$17,4,FALSE),0) -> 1 | D5: =IFERROR(VLOOKUP(Tiro!H5,'Lista Bestias Carga'!$A$1:$F$17,4,FALSE),0) -> 1 | E5: =IFERROR(VLOOKUP(Tiro!I5,'Lista Bestias Carga'!$A$1:$F$17,4,FALSE),0) -> 0 | F5: =IFERROR(VLOOKUP(Tiro!J5,'Lista Bestias Carga'!$A$1:$F$17,4,FALSE),0) -> 0 | G5: =IFERROR(VLOOKUP(Tiro!K5,'Lista Bestias Carga'!$A$1:$F$17,4,FALSE),0) -> 0 | H5: =IFERROR(VLOOKUP(Tiro!L5,'Lista Bestias Carga'!$A$1:$F$17,4,FALSE),0) -> 0 | I5: =IFERROR(VLOOKUP(Tiro!M5,'Lista Bestias Carga'!$A$1:$F$17,4,FALSE),0) -> 0 | J5: =IFERROR(VLOOKUP(Tiro!N5,'Lista Bestias Carga'!$A$1:$F$17,4,FALSE),0) -> 0
A6: =Caravana!A8 -> Viajeros 5 | B6: =SUM(C6:J6) -> 2 | C6: =IFERROR(VLOOKUP(Tiro!G6,'Lista Bestias Carga'!$A$1:$F$17,4,FALSE),0) -> 1 | D6: =IFERROR(VLOOKUP(Tiro!H6,'Lista Bestias Carga'!$A$1:$F$17,4,FALSE),0) -> 1 | E6: =IFERROR(VLOOKUP(Tiro!I6,'Lista Bestias Carga'!$A$1:$F$17,4,FALSE),0) -> 0 | F6: =IFERROR(VLOOKUP(Tiro!J6,'Lista Bestias Carga'!$A$1:$F$17,4,FALSE),0) -> 0 | G6: =IFERROR(VLOOKUP(Tiro!K6,'Lista Bestias Carga'!$A$1:$F$17,4,FALSE),0) -> 0 | H6: =IFERROR(VLOOKUP(Tiro!L6,'Lista Bestias Carga'!$A$1:$F$17,4,FALSE),0) -> 0 | I6: =IFERROR(VLOOKUP(Tiro!M6,'Lista Bestias Carga'!$A$1:$F$17,4,FALSE),0) -> 0 | J6: =IFERROR(VLOOKUP(Tiro!N6,'Lista Bestias Carga'!$A$1:$F$17,4,FALSE),0) -> 0
A7: =Caravana!A9 -> Prisioneros | B7: =SUM(C7:J7) -> 1 | C7: =IFERROR(VLOOKUP(Tiro!G7,'Lista Bestias Carga'!$A$1:$F$17,4,FALSE),0) -> 1 | D7: =IFERROR(VLOOKUP(Tiro!H7,'Lista Bestias Carga'!$A$1:$F$17,4,FALSE),0) -> 0 | E7: =IFERROR(VLOOKUP(Tiro!I7,'Lista Bestias Carga'!$A$1:$F$17,4,FALSE),0) -> 0 | F7: =IFERROR(VLOOKUP(Tiro!J7,'Lista Bestias Carga'!$A$1:$F$17,4,FALSE),0) -> 0 | G7: =IFERROR(VLOOKUP(Tiro!K7,'Lista Bestias Carga'!$A$1:$F$17,4,FALSE),0) -> 0 | H7: =IFERROR(VLOOKUP(Tiro!L7,'Lista Bestias Carga'!$A$1:$F$17,4,FALSE),0) -> 0 | I7: =IFERROR(VLOOKUP(Tiro!M7,'Lista Bestias Carga'!$A$1:$F$17,4,FALSE),0) -> 0 | J7: =IFERROR(VLOOKUP(Tiro!N7,'Lista Bestias Carga'!$A$1:$F$17,4,FALSE),0) -> 0
A8: =Caravana!A10 -> Zoo | B8: =SUM(C8:J8) -> 1 | C8: =IFERROR(VLOOKUP(Tiro!G8,'Lista Bestias Carga'!$A$1:$F$17,4,FALSE),0) -> 1 | D8: =IFERROR(VLOOKUP(Tiro!H8,'Lista Bestias Carga'!$A$1:$F$17,4,FALSE),0) -> 0 | E8: =IFERROR(VLOOKUP(Tiro!I8,'Lista Bestias Carga'!$A$1:$F$17,4,FALSE),0) -> 0 | F8: =IFERROR(VLOOKUP(Tiro!J8,'Lista Bestias Carga'!$A$1:$F$17,4,FALSE),0) -> 0 | G8: =IFERROR(VLOOKUP(Tiro!K8,'Lista Bestias Carga'!$A$1:$F$17,4,FALSE),0) -> 0 | H8: =IFERROR(VLOOKUP(Tiro!L8,'Lista Bestias Carga'!$A$1:$F$17,4,FALSE),0) -> 0 | I8: =IFERROR(VLOOKUP(Tiro!M8,'Lista Bestias Carga'!$A$1:$F$17,4,FALSE),0) -> 0 | J8: =IFERROR(VLOOKUP(Tiro!N8,'Lista Bestias Carga'!$A$1:$F$17,4,FALSE),0) -> 0
A9: =Caravana!A11 -> Familias Kalsgard | B9: =SUM(C9:J9) -> 2 | C9: =IFERROR(VLOOKUP(Tiro!G9,'Lista Bestias Carga'!$A$1:$F$17,4,FALSE),0) -> 1 | D9: =IFERROR(VLOOKUP(Tiro!H9,'Lista Bestias Carga'!$A$1:$F$17,4,FALSE),0) -> 1 | E9: =IFERROR(VLOOKUP(Tiro!I9,'Lista Bestias Carga'!$A$1:$F$17,4,FALSE),0) -> 0 | F9: =IFERROR(VLOOKUP(Tiro!J9,'Lista Bestias Carga'!$A$1:$F$17,4,FALSE),0) -> 0 | G9: =IFERROR(VLOOKUP(Tiro!K9,'Lista Bestias Carga'!$A$1:$F$17,4,FALSE),0) -> 0 | H9: =IFERROR(VLOOKUP(Tiro!L9,'Lista Bestias Carga'!$A$1:$F$17,4,FALSE),0) -> 0 | I9: =IFERROR(VLOOKUP(Tiro!M9,'Lista Bestias Carga'!$A$1:$F$17,4,FALSE),0) -> 0 | J9: =IFERROR(VLOOKUP(Tiro!N9,'Lista Bestias Carga'!$A$1:$F$17,4,FALSE),0) -> 0
A10: =Caravana!A12 -> Mercancías Hierro | B10: =SUM(C10:J10) -> 2 | C10: =IFERROR(VLOOKUP(Tiro!G10,'Lista Bestias Carga'!$A$1:$F$17,4,FALSE),0) -> 1 | D10: =IFERROR(VLOOKUP(Tiro!H10,'Lista Bestias Carga'!$A$1:$F$17,4,FALSE),0) -> 1 | E10: =IFERROR(VLOOKUP(Tiro!I10,'Lista Bestias Carga'!$A$1:$F$17,4,FALSE),0) -> 0 | F10: =IFERROR(VLOOKUP(Tiro!J10,'Lista Bestias Carga'!$A$1:$F$17,4,FALSE),0) -> 0 | G10: =IFERROR(VLOOKUP(Tiro!K10,'Lista Bestias Carga'!$A$1:$F$17,4,FALSE),0) -> 0 | H10: =IFERROR(VLOOKUP(Tiro!L10,'Lista Bestias Carga'!$A$1:$F$17,4,FALSE),0) -> 0 | I10: =IFERROR(VLOOKUP(Tiro!M10,'Lista Bestias Carga'!$A$1:$F$17,4,FALSE),0) -> 0 | J10: =IFERROR(VLOOKUP(Tiro!N10,'Lista Bestias Carga'!$A$1:$F$17,4,FALSE),0) -> 0
A11: =Caravana!A13 -> Mercancías General | B11: =SUM(C11:J11) -> 2 | C11: =IFERROR(VLOOKUP(Tiro!G11,'Lista Bestias Carga'!$A$1:$F$17,4,FALSE),0) -> 1 | D11: =IFERROR(VLOOKUP(Tiro!H11,'Lista Bestias Carga'!$A$1:$F$17,4,FALSE),0) -> 1 | E11: =IFERROR(VLOOKUP(Tiro!I11,'Lista Bestias Carga'!$A$1:$F$17,4,FALSE),0) -> 0 | F11: =IFERROR(VLOOKUP(Tiro!J11,'Lista Bestias Carga'!$A$1:$F$17,4,FALSE),0) -> 0 | G11: =IFERROR(VLOOKUP(Tiro!K11,'Lista Bestias Carga'!$A$1:$F$17,4,FALSE),0) -> 0 | H11: =IFERROR(VLOOKUP(Tiro!L11,'Lista Bestias Carga'!$A$1:$F$17,4,FALSE),0) -> 0 | I11: =IFERROR(VLOOKUP(Tiro!M11,'Lista Bestias Carga'!$A$1:$F$17,4,FALSE),0) -> 0 | J11: =IFERROR(VLOOKUP(Tiro!N11,'Lista Bestias Carga'!$A$1:$F$17,4,FALSE),0) -> 0
A12: =Caravana!A14 -> Mercancías Punta Arena | B12: =SUM(C12:J12) -> 2 | C12: =IFERROR(VLOOKUP(Tiro!G12,'Lista Bestias Carga'!$A$1:$F$17,4,FALSE),0) -> 1 | D12: =IFERROR(VLOOKUP(Tiro!H12,'Lista Bestias Carga'!$A$1:$F$17,4,FALSE),0) -> 1 | E12: =IFERROR(VLOOKUP(Tiro!I12,'Lista Bestias Carga'!$A$1:$F$17,4,FALSE),0) -> 0 | F12: =IFERROR(VLOOKUP(Tiro!J12,'Lista Bestias Carga'!$A$1:$F$17,4,FALSE),0) -> 0 | G12: =IFERROR(VLOOKUP(Tiro!K12,'Lista Bestias Carga'!$A$1:$F$17,4,FALSE),0) -> 0 | H12: =IFERROR(VLOOKUP(Tiro!L12,'Lista Bestias Carga'!$A$1:$F$17,4,FALSE),0) -> 0 | I12: =IFERROR(VLOOKUP(Tiro!M12,'Lista Bestias Carga'!$A$1:$F$17,4,FALSE),0) -> 0 | J12: =IFERROR(VLOOKUP(Tiro!N12,'Lista Bestias Carga'!$A$1:$F$17,4,FALSE),0) -> 0
A13: =Caravana!A15 -> Mercancías Kalsgard | B13: =SUM(C13:J13) -> 2 | C13: =IFERROR(VLOOKUP(Tiro!G13,'Lista Bestias Carga'!$A$1:$F$17,4,FALSE),0) -> 1 | D13: =IFERROR(VLOOKUP(Tiro!H13,'Lista Bestias Carga'!$A$1:$F$17,4,FALSE),0) -> 1 | E13: =IFERROR(VLOOKUP(Tiro!I13,'Lista Bestias Carga'!$A$1:$F$17,4,FALSE),0) -> 0 | F13: =IFERROR(VLOOKUP(Tiro!J13,'Lista Bestias Carga'!$A$1:$F$17,4,FALSE),0) -> 0 | G13: =IFERROR(VLOOKUP(Tiro!K13,'Lista Bestias Carga'!$A$1:$F$17,4,FALSE),0) -> 0 | H13: =IFERROR(VLOOKUP(Tiro!L13,'Lista Bestias Carga'!$A$1:$F$17,4,FALSE),0) -> 0 | I13: =IFERROR(VLOOKUP(Tiro!M13,'Lista Bestias Carga'!$A$1:$F$17,4,FALSE),0) -> 0 | J13: =IFERROR(VLOOKUP(Tiro!N13,'Lista Bestias Carga'!$A$1:$F$17,4,FALSE),0) -> 0
... A32: =Caravana!A34 | B32: =SUM(C32:J32) -> 0 | C32: =IFERROR(VLOOKUP(Tiro!G32,'Lista Bestias Carga'!$A$1:$F$17,4,FALSE),0) -> 0 | D32: =IFERROR(VLOOKUP(Tiro!H32,'Lista Bestias Carga'!$A$1:$F$17,4,FALSE),0) -> 0 | E32: =IFERROR(VLOOKUP(Tiro!I32,'Lista Bestias Carga'!$A$1:$F$17,4,FALSE),0) -> 0 | F32: =IFERROR(VLOOKUP(Tiro!J32,'Lista Bestias Carga'!$A$1:$F$17,4,FALSE),0) -> 0 | G32: =IFERROR(VLOOKUP(Tiro!K32,'Lista Bestias Carga'!$A$1:$F$17,4,FALSE),0) -> 0 | H32: =IFERROR(VLOOKUP(Tiro!L32,'Lista Bestias Carga'!$A$1:$F$17,4,FALSE),0) -> 0 | I32: =IFERROR(VLOOKUP(Tiro!M32,'Lista Bestias Carga'!$A$1:$F$17,4,FALSE),0) -> 0 | J32: =IFERROR(VLOOKUP(Tiro!N32,'Lista Bestias Carga'!$A$1:$F$17,4,FALSE),0) -> 0

Sheet Ocupación Carro-Viajeros
A1: Carro | B1: ESPACIO | C1: 1 | D1: =C1+1 -> 2 | E1: =D1+1 -> 3 | F1: =E1+1 -> 4 | G1: =F1+1 -> 5 | H1: =G1+1 -> 6 | I1: =H1+1 -> 7 | J1: =I1+1 -> 8 | K1: =J1+1 -> 9 | ... Q1: =P1+1 -> 15
A2: =Caravana!A4 -> Viajeros 1 | B2: =SUM(C2:Q2) -> 8 | C2: =IFERROR(VLOOKUP(Hospedaje!E2,Viajeros!$A$3:$G$102,7,FALSE),0) -> 1 | D2: =IFERROR(VLOOKUP(Hospedaje!F2,Viajeros!$A$3:$G$102,7,FALSE),0) -> 1 | E2: =IFERROR(VLOOKUP(Hospedaje!G2,Viajeros!$A$3:$G$102,7,FALSE),0) -> 1 | F2: =IFERROR(VLOOKUP(Hospedaje!H2,Viajeros!$A$3:$G$102,7,FALSE),0) -> 1 | G2: =IFERROR(VLOOKUP(Hospedaje!I2,Viajeros!$A$3:$G$102,7,FALSE),0) -> 1 | H2: =IFERROR(VLOOKUP(Hospedaje!J2,Viajeros!$A$3:$G$102,7,FALSE),0) -> 1 | I2: =IFERROR(VLOOKUP(Hospedaje!K2,Viajeros!$A$3:$G$102,7,FALSE),0) -> 1 | J2: =IFERROR(VLOOKUP(Hospedaje!L2,Viajeros!$A$3:$G$102,7,FALSE),0) -> 1 | ... Q2: =IFERROR(VLOOKUP(Hospedaje!S2,Viajeros!$A$3:$G$102,7,FALSE),0) -> 0
A3: =Caravana!A5 -> Viajeros 2 | B3: =SUM(C3:Q3) -> 7 | C3: =IFERROR(VLOOKUP(Hospedaje!E3,Viajeros!$A$3:$G$102,7,FALSE),0) -> 1 | D3: =IFERROR(VLOOKUP(Hospedaje!F3,Viajeros!$A$3:$G$102,7,FALSE),0) -> 1 | E3: =IFERROR(VLOOKUP(Hospedaje!G3,Viajeros!$A$3:$G$102,7,FALSE),0) -> 1 | F3: =IFERROR(VLOOKUP(Hospedaje!H3,Viajeros!$A$3:$G$102,7,FALSE),0) -> 1 | G3: =IFERROR(VLOOKUP(Hospedaje!I3,Viajeros!$A$3:$G$102,7,FALSE),0) -> 1 | H3: =IFERROR(VLOOKUP(Hospedaje!J3,Viajeros!$A$3:$G$102,7,FALSE),0) -> 1 | I3: =IFERROR(VLOOKUP(Hospedaje!K3,Viajeros!$A$3:$G$102,7,FALSE),0) -> 1 | J3: =IFERROR(VLOOKUP(Hospedaje!L3,Viajeros!$A$3:$G$102,7,FALSE),0) -> 0 | ... Q3: =IFERROR(VLOOKUP(Hospedaje!S3,Viajeros!$A$3:$G$102,7,FALSE),0) -> 0
A4: =Caravana!A6 -> Viajeros 3 | B4: =SUM(C4:Q4) -> 7 | C4: =IFERROR(VLOOKUP(Hospedaje!E4,Viajeros!$A$3:$G$102,7,FALSE),0) -> 1 | D4: =IFERROR(VLOOKUP(Hospedaje!F4,Viajeros!$A$3:$G$102,7,FALSE),0) -> 1 | E4: =IFERROR(VLOOKUP(Hospedaje!G4,Viajeros!$A$3:$G$102,7,FALSE),0) -> 1 | F4: =IFERROR(VLOOKUP(Hospedaje!H4,Viajeros!$A$3:$G$102,7,FALSE),0) -> 1 | G4: =IFERROR(VLOOKUP(Hospedaje!I4,Viajeros!$A$3:$G$102,7,FALSE),0) -> 1 | H4: =IFERROR(VLOOKUP(Hospedaje!J4,Viajeros!$A$3:$G$102,7,FALSE),0) -> 1 | I4: =IFERROR(VLOOKUP(Hospedaje!K4,Viajeros!$A$3:$G$102,7,FALSE),0) -> 1 | J4: =IFERROR(VLOOKUP(Hospedaje!L4,Viajeros!$A$3:$G$102,7,FALSE),0) -> 0 | ... Q4: =IFERROR(VLOOKUP(Hospedaje!S4,Viajeros!$A$3:$G$102,7,FALSE),0) -> 0
A5: =Caravana!A7 -> Viajeros 4 | B5: =SUM(C5:Q5) -> 7 | C5: =IFERROR(VLOOKUP(Hospedaje!E5,Viajeros!$A$3:$G$102,7,FALSE),0) -> 1 | D5: =IFERROR(VLOOKUP(Hospedaje!F5,Viajeros!$A$3:$G$102,7,FALSE),0) -> 1 | E5: =IFERROR(VLOOKUP(Hospedaje!G5,Viajeros!$A$3:$G$102,7,FALSE),0) -> 1 | F5: =IFERROR(VLOOKUP(Hospedaje!H5,Viajeros!$A$3:$G$102,7,FALSE),0) -> 1 | G5: =IFERROR(VLOOKUP(Hospedaje!I5,Viajeros!$A$3:$G$102,7,FALSE),0) -> 1 | H5: =IFERROR(VLOOKUP(Hospedaje!J5,Viajeros!$A$3:$G$102,7,FALSE),0) -> 1 | I5: =IFERROR(VLOOKUP(Hospedaje!K5,Viajeros!$A$3:$G$102,7,FALSE),0) -> 1 | J5: =IFERROR(VLOOKUP(Hospedaje!L5,Viajeros!$A$3:$G$102,7,FALSE),0) -> 0 | ... Q5: =IFERROR(VLOOKUP(Hospedaje!S5,Viajeros!$A$3:$G$102,7,FALSE),0) -> 0
A6: =Caravana!A8 -> Viajeros 5 | B6: =SUM(C6:Q6) -> 6 | C6: =IFERROR(VLOOKUP(Hospedaje!E6,Viajeros!$A$3:$G$102,7,FALSE),0) -> 1 | D6: =IFERROR(VLOOKUP(Hospedaje!F6,Viajeros!$A$3:$G$102,7,FALSE),0) -> 1 | E6: =IFERROR(VLOOKUP(Hospedaje!G6,Viajeros!$A$3:$G$102,7,FALSE),0) -> 1 | F6: =IFERROR(VLOOKUP(Hospedaje!H6,Viajeros!$A$3:$G$102,7,FALSE),0) -> 1 | G6: =IFERROR(VLOOKUP(Hospedaje!I6,Viajeros!$A$3:$G$102,7,FALSE),0) -> 1 | H6: =IFERROR(VLOOKUP(Hospedaje!J6,Viajeros!$A$3:$G$102,7,FALSE),0) -> 1 | I6: =IFERROR(VLOOKUP(Hospedaje!K6,Viajeros!$A$3:$G$102,7,FALSE),0) -> 0 | J6: =IFERROR(VLOOKUP(Hospedaje!L6,Viajeros!$A$3:$G$102,7,FALSE),0) -> 0 | ... Q6: =IFERROR(VLOOKUP(Hospedaje!S6,Viajeros!$A$3:$G$102,7,FALSE),0) -> 0
A7: =Caravana!A9 -> Prisioneros | B7: =SUM(C7:Q7) -> 0 | C7: =IFERROR(VLOOKUP(Hospedaje!E7,Viajeros!$A$3:$G$102,7,FALSE),0) -> 0 | D7: =IFERROR(VLOOKUP(Hospedaje!F7,Viajeros!$A$3:$G$102,7,FALSE),0) -> 0 | E7: =IFERROR(VLOOKUP(Hospedaje!G7,Viajeros!$A$3:$G$102,7,FALSE),0) -> 0 | F7: =IFERROR(VLOOKUP(Hospedaje!H7,Viajeros!$A$3:$G$102,7,FALSE),0) -> 0 | G7: =IFERROR(VLOOKUP(Hospedaje!I7,Viajeros!$A$3:$G$102,7,FALSE),0) -> 0 | H7: =IFERROR(VLOOKUP(Hospedaje!J7,Viajeros!$A$3:$G$102,7,FALSE),0) -> 0 | I7: =IFERROR(VLOOKUP(Hospedaje!K7,Viajeros!$A$3:$G$102,7,FALSE),0) -> 0 | J7: =IFERROR(VLOOKUP(Hospedaje!L7,Viajeros!$A$3:$G$102,7,FALSE),0) -> 0 | ... Q7: =IFERROR(VLOOKUP(Hospedaje!S7,Viajeros!$A$3:$G$102,7,FALSE),0) -> 0
A8: =Caravana!A10 -> Zoo | B8: =SUM(C8:Q8) -> 8.5 | C8: =IFERROR(VLOOKUP(Hospedaje!E8,Viajeros!$A$3:$G$102,7,FALSE),0) -> 6 | D8: =IFERROR(VLOOKUP(Hospedaje!F8,Viajeros!$A$3:$G$102,7,FALSE),0) -> 2 | E8: =IFERROR(VLOOKUP(Hospedaje!G8,Viajeros!$A$3:$G$102,7,FALSE),0) -> 0.5 | F8: =IFERROR(VLOOKUP(Hospedaje!H8,Viajeros!$A$3:$G$102,7,FALSE),0) -> 0 | G8: =IFERROR(VLOOKUP(Hospedaje!I8,Viajeros!$A$3:$G$102,7,FALSE),0) -> 0 | H8: =IFERROR(VLOOKUP(Hospedaje!J8,Viajeros!$A$3:$G$102,7,FALSE),0) -> 0 | I8: =IFERROR(VLOOKUP(Hospedaje!K8,Viajeros!$A$3:$G$102,7,FALSE),0) -> 0 | J8: =IFERROR(VLOOKUP(Hospedaje!L8,Viajeros!$A$3:$G$102,7,FALSE),0) -> 0 | ... Q8: =IFERROR(VLOOKUP(Hospedaje!S8,Viajeros!$A$3:$G$102,7,FALSE),0) -> 0
A9: =Caravana!A11 -> Familias Kalsgard | B9: =SUM(C9:Q9) -> 6.5 | C9: =IFERROR(VLOOKUP(Hospedaje!E9,Viajeros!$A$3:$G$102,7,FALSE),0) -> 1 | D9: =IFERROR(VLOOKUP(Hospedaje!F9,Viajeros!$A$3:$G$102,7,FALSE),0) -> 1 | E9: =IFERROR(VLOOKUP(Hospedaje!G9,Viajeros!$A$3:$G$102,7,FALSE),0) -> 1 | F9: =IFERROR(VLOOKUP(Hospedaje!H9,Viajeros!$A$3:$G$102,7,FALSE),0) -> 1 | G9: =IFERROR(VLOOKUP(Hospedaje!I9,Viajeros!$A$3:$G$102,7,FALSE),0) -> 0.5 | H9: =IFERROR(VLOOKUP(Hospedaje!J9,Viajeros!$A$3:$G$102,7,FALSE),0) -> 1 | I9: =IFERROR(VLOOKUP(Hospedaje!K9,Viajeros!$A$3:$G$102,7,FALSE),0) -> 0.5 | J9: =IFERROR(VLOOKUP(Hospedaje!L9,Viajeros!$A$3:$G$102,7,FALSE),0) -> 0.5 | ... Q9: =IFERROR(VLOOKUP(Hospedaje!S9,Viajeros!$A$3:$G$102,7,FALSE),0) -> 0
A10: =Caravana!A12 -> Mercancías Hierro | B10: =SUM(C10:Q10) -> 0 | C10: =IFERROR(VLOOKUP(Hospedaje!E10,Viajeros!$A$3:$G$102,7,FALSE),0) -> 0 | D10: =IFERROR(VLOOKUP(Hospedaje!F10,Viajeros!$A$3:$G$102,7,FALSE),0) -> 0 | E10: =IFERROR(VLOOKUP(Hospedaje!G10,Viajeros!$A$3:$G$102,7,FALSE),0) -> 0 | F10: =IFERROR(VLOOKUP(Hospedaje!H10,Viajeros!$A$3:$G$102,7,FALSE),0) -> 0 | G10: =IFERROR(VLOOKUP(Hospedaje!I10,Viajeros!$A$3:$G$102,7,FALSE),0) -> 0 | H10: =IFERROR(VLOOKUP(Hospedaje!J10,Viajeros!$A$3:$G$102,7,FALSE),0) -> 0 | I10: =IFERROR(VLOOKUP(Hospedaje!K10,Viajeros!$A$3:$G$102,7,FALSE),0) -> 0 | J10: =IFERROR(VLOOKUP(Hospedaje!L10,Viajeros!$A$3:$G$102,7,FALSE),0) -> 0 | ... Q10: =IFERROR(VLOOKUP(Hospedaje!S10,Viajeros!$A$3:$G$102,7,FALSE),0) -> 0
A11: =Caravana!A13 -> Mercancías General | B11: =SUM(C11:Q11) -> 0 | C11: =IFERROR(VLOOKUP(Hospedaje!E11,Viajeros!$A$3:$G$102,7,FALSE),0) -> 0 | D11: =IFERROR(VLOOKUP(Hospedaje!F11,Viajeros!$A$3:$G$102,7,FALSE),0) -> 0 | E11: =IFERROR(VLOOKUP(Hospedaje!G11,Viajeros!$A$3:$G$102,7,FALSE),0) -> 0 | F11: =IFERROR(VLOOKUP(Hospedaje!H11,Viajeros!$A$3:$G$102,7,FALSE),0) -> 0 | G11: =IFERROR(VLOOKUP(Hospedaje!I11,Viajeros!$A$3:$G$102,7,FALSE),0) -> 0 | H11: =IFERROR(VLOOKUP(Hospedaje!J11,Viajeros!$A$3:$G$102,7,FALSE),0) -> 0 | I11: =IFERROR(VLOOKUP(Hospedaje!K11,Viajeros!$A$3:$G$102,7,FALSE),0) -> 0 | J11: =IFERROR(VLOOKUP(Hospedaje!L11,Viajeros!$A$3:$G$102,7,FALSE),0) -> 0 | ... Q11: =IFERROR(VLOOKUP(Hospedaje!S11,Viajeros!$A$3:$G$102,7,FALSE),0) -> 0
A12: =Caravana!A14 -> Mercancías Punta Arena | B12: =SUM(C12:Q12) -> 0 | C12: =IFERROR(VLOOKUP(Hospedaje!E12,Viajeros!$A$3:$G$102,7,FALSE),0) -> 0 | D12: =IFERROR(VLOOKUP(Hospedaje!F12,Viajeros!$A$3:$G$102,7,FALSE),0) -> 0 | E12: =IFERROR(VLOOKUP(Hospedaje!G12,Viajeros!$A$3:$G$102,7,FALSE),0) -> 0 | F12: =IFERROR(VLOOKUP(Hospedaje!H12,Viajeros!$A$3:$G$102,7,FALSE),0) -> 0 | G12: =IFERROR(VLOOKUP(Hospedaje!I12,Viajeros!$A$3:$G$102,7,FALSE),0) -> 0 | H12: =IFERROR(VLOOKUP(Hospedaje!J12,Viajeros!$A$3:$G$102,7,FALSE),0) -> 0 | I12: =IFERROR(VLOOKUP(Hospedaje!K12,Viajeros!$A$3:$G$102,7,FALSE),0) -> 0 | J12: =IFERROR(VLOOKUP(Hospedaje!L12,Viajeros!$A$3:$G$102,7,FALSE),0) -> 0 | ... Q12: =IFERROR(VLOOKUP(Hospedaje!S12,Viajeros!$A$3:$G$102,7,FALSE),0) -> 0
A13: =Caravana!A15 -> Mercancías Kalsgard | B13: =SUM(C13:Q13) -> 0 | C13: =IFERROR(VLOOKUP(Hospedaje!E13,Viajeros!$A$3:$G$102,7,FALSE),0) -> 0 | D13: =IFERROR(VLOOKUP(Hospedaje!F13,Viajeros!$A$3:$G$102,7,FALSE),0) -> 0 | E13: =IFERROR(VLOOKUP(Hospedaje!G13,Viajeros!$A$3:$G$102,7,FALSE),0) -> 0 | F13: =IFERROR(VLOOKUP(Hospedaje!H13,Viajeros!$A$3:$G$102,7,FALSE),0) -> 0 | G13: =IFERROR(VLOOKUP(Hospedaje!I13,Viajeros!$A$3:$G$102,7,FALSE),0) -> 0 | H13: =IFERROR(VLOOKUP(Hospedaje!J13,Viajeros!$A$3:$G$102,7,FALSE),0) -> 0 | I13: =IFERROR(VLOOKUP(Hospedaje!K13,Viajeros!$A$3:$G$102,7,FALSE),0) -> 0 | J13: =IFERROR(VLOOKUP(Hospedaje!L13,Viajeros!$A$3:$G$102,7,FALSE),0) -> 0 | ... Q13: =IFERROR(VLOOKUP(Hospedaje!S13,Viajeros!$A$3:$G$102,7,FALSE),0) -> 0
... A32: =Caravana!A34 | B32: =SUM(C32:Q32) -> 0 | C32: =IFERROR(VLOOKUP(Hospedaje!E32,Viajeros!$A$3:$G$102,7,FALSE),0) -> 0 | D32: =IFERROR(VLOOKUP(Hospedaje!F32,Viajeros!$A$3:$G$102,7,FALSE),0) -> 0 | E32: =IFERROR(VLOOKUP(Hospedaje!G32,Viajeros!$A$3:$G$102,7,FALSE),0) -> 0 | F32: =IFERROR(VLOOKUP(Hospedaje!H32,Viajeros!$A$3:$G$102,7,FALSE),0) -> 0 | G32: =IFERROR(VLOOKUP(Hospedaje!I32,Viajeros!$A$3:$G$102,7,FALSE),0) -> 0 | H32: =IFERROR(VLOOKUP(Hospedaje!J32,Viajeros!$A$3:$G$102,7,FALSE),0) -> 0 | I32: =IFERROR(VLOOKUP(Hospedaje!K32,Viajeros!$A$3:$G$102,7,FALSE),0) -> 0 | J32: =IFERROR(VLOOKUP(Hospedaje!L32,Viajeros!$A$3:$G$102,7,FALSE),0) -> 0 | ... Q32: =IFERROR(VLOOKUP(Hospedaje!S32,Viajeros!$A$3:$G$102,7,FALSE),0) -> 0

Sheet Ocupación Carro-Mercancía
A1: Carro | B1: ESPACIO | C1: 1 | D1: =C1+1 -> 2 | E1: =D1+1 -> 3 | F1: =E1+1 -> 4 | G1: =F1+1 -> 5 | H1: =G1+1 -> 6 | I1: =H1+1 -> 7 | J1: =I1+1 -> 8 | K1: =J1+1 -> 9 | ... AF1: =AE1+1 -> 30
A2: =Caravana!A4 -> Viajeros 1 | B2: =SUM(C2:AF2) -> 4 | C2: =IFERROR(VLOOKUP(Carga!D2,'Lista Mercancías'!$A$2:$B$100,2,FALSE),0) -> 1 | D2: =IFERROR(VLOOKUP(Carga!E2,'Lista Mercancías'!$A$2:$B$100,2,FALSE),0) -> 1 | E2: =IFERROR(VLOOKUP(Carga!F2,'Lista Mercancías'!$A$2:$B$100,2,FALSE),0) -> 1 | F2: =IFERROR(VLOOKUP(Carga!G2,'Lista Mercancías'!$A$2:$B$100,2,FALSE),0) -> 1 | G2: =IFERROR(VLOOKUP(Carga!H2,'Lista Mercancías'!$A$2:$B$100,2,FALSE),0) -> 0 | H2: =IFERROR(VLOOKUP(Carga!I2,'Lista Mercancías'!$A$2:$B$100,2,FALSE),0) -> 0 | I2: =IFERROR(VLOOKUP(Carga!J2,'Lista Mercancías'!$A$2:$B$100,2,FALSE),0) -> 0 | J2: =IFERROR(VLOOKUP(Carga!K2,'Lista Mercancías'!$A$2:$B$100,2,FALSE),0) -> 0 | ... AB2: =IFERROR(VLOOKUP(Carga!AC2,'Lista Mercancías'!$A$2:$B$100,2,FALSE),0) -> 0 | AC2: =IFERROR(VLOOKUP(Carga!AH2,'Lista Mercancías'!$A$2:$B$100,2,FALSE),0) -> 0 | AD2: =IFERROR(VLOOKUP(Carga!AI2,'Lista Mercancías'!$A$2:$B$100,2,FALSE),0) -> 0 | AE2: =IFERROR(VLOOKUP(Carga!AJ2,'Lista Mercancías'!$A$2:$B$100,2,FALSE),0) -> 0 | AF2: =IFERROR(VLOOKUP(Carga!AK2,'Lista Mercancías'!$A$2:$B$100,2,FALSE),0) -> 0
A3: =Caravana!A5 -> Viajeros 2 | B3: =SUM(C3:AF3) -> 3 | C3: =IFERROR(VLOOKUP(Carga!D3,'Lista Mercancías'!$A$2:$B$100,2,FALSE),0) -> 1 | D3: =IFERROR(VLOOKUP(Carga!E3,'Lista Mercancías'!$A$2:$B$100,2,FALSE),0) -> 1 | E3: =IFERROR(VLOOKUP(Carga!F3,'Lista Mercancías'!$A$2:$B$100,2,FALSE),0) -> 1 | F3: =IFERROR(VLOOKUP(Carga!G3,'Lista Mercancías'!$A$2:$B$100,2,FALSE),0) -> 0 | G3: =IFERROR(VLOOKUP(Carga!H3,'Lista Mercancías'!$A$2:$B$100,2,FALSE),0) -> 0 | H3: =IFERROR(VLOOKUP(Carga!I3,'Lista Mercancías'!$A$2:$B$100,2,FALSE),0) -> 0 | I3: =IFERROR(VLOOKUP(Carga!J3,'Lista Mercancías'!$A$2:$B$100,2,FALSE),0) -> 0 | J3: =IFERROR(VLOOKUP(Carga!K3,'Lista Mercancías'!$A$2:$B$100,2,FALSE),0) -> 0 | ... AB3: =IFERROR(VLOOKUP(Carga!AC3,'Lista Mercancías'!$A$2:$B$100,2,FALSE),0) -> 0 | AC3: =IFERROR(VLOOKUP(Carga!AH3,'Lista Mercancías'!$A$2:$B$100,2,FALSE),0) -> 0 | AD3: =IFERROR(VLOOKUP(Carga!AI3,'Lista Mercancías'!$A$2:$B$100,2,FALSE),0) -> 0 | AE3: =IFERROR(VLOOKUP(Carga!AJ3,'Lista Mercancías'!$A$2:$B$100,2,FALSE),0) -> 0 | AF3: =IFERROR(VLOOKUP(Carga!AK3,'Lista Mercancías'!$A$2:$B$100,2,FALSE),0) -> 0
A4: =Caravana!A6 -> Viajeros 3 | B4: =SUM(C4:AF4) -> 3 | C4: =IFERROR(VLOOKUP(Carga!D4,'Lista Mercancías'!$A$2:$B$100,2,FALSE),0) -> 1 | D4: =IFERROR(VLOOKUP(Carga!E4,'Lista Mercancías'!$A$2:$B$100,2,FALSE),0) -> 1 | E4: =IFERROR(VLOOKUP(Carga!F4,'Lista Mercancías'!$A$2:$B$100,2,FALSE),0) -> 1 | F4: =IFERROR(VLOOKUP(Carga!G4,'Lista Mercancías'!$A$2:$B$100,2,FALSE),0) -> 0 | G4: =IFERROR(VLOOKUP(Carga!H4,'Lista Mercancías'!$A$2:$B$100,2,FALSE),0) -> 0 | H4: =IFERROR(VLOOKUP(Carga!I4,'Lista Mercancías'!$A$2:$B$100,2,FALSE),0) -> 0 | I4: =IFERROR(VLOOKUP(Carga!J4,'Lista Mercancías'!$A$2:$B$100,2,FALSE),0) -> 0 | J4: =IFERROR(VLOOKUP(Carga!K4,'Lista Mercancías'!$A$2:$B$100,2,FALSE),0) -> 0 | ... AB4: =IFERROR(VLOOKUP(Carga!AC4,'Lista Mercancías'!$A$2:$B$100,2,FALSE),0) -> 0 | AC4: =IFERROR(VLOOKUP(Carga!AH4,'Lista Mercancías'!$A$2:$B$100,2,FALSE),0) -> 0 | AD4: =IFERROR(VLOOKUP(Carga!AI4,'Lista Mercancías'!$A$2:$B$100,2,FALSE),0) -> 0 | AE4: =IFERROR(VLOOKUP(Carga!AJ4,'Lista Mercancías'!$A$2:$B$100,2,FALSE),0) -> 0 | AF4: =IFERROR(VLOOKUP(Carga!AK4,'Lista Mercancías'!$A$2:$B$100,2,FALSE),0) -> 0
A5: =Caravana!A7 -> Viajeros 4 | B5: =SUM(C5:AF5) -> 4 | C5: =IFERROR(VLOOKUP(Carga!D5,'Lista Mercancías'!$A$2:$B$100,2,FALSE),0) -> 1 | D5: =IFERROR(VLOOKUP(Carga!E5,'Lista Mercancías'!$A$2:$B$100,2,FALSE),0) -> 2 | E5: =IFERROR(VLOOKUP(Carga!F5,'Lista Mercancías'!$A$2:$B$100,2,FALSE),0) -> 1 | F5: =IFERROR(VLOOKUP(Carga!G5,'Lista Mercancías'!$A$2:$B$100,2,FALSE),0) -> 0 | G5: =IFERROR(VLOOKUP(Carga!H5,'Lista Mercancías'!$A$2:$B$100,2,FALSE),0) -> 0 | H5: =IFERROR(VLOOKUP(Carga!I5,'Lista Mercancías'!$A$2:$B$100,2,FALSE),0) -> 0 | I5: =IFERROR(VLOOKUP(Carga!J5,'Lista Mercancías'!$A$2:$B$100,2,FALSE),0) -> 0 | J5: =IFERROR(VLOOKUP(Carga!K5,'Lista Mercancías'!$A$2:$B$100,2,FALSE),0) -> 0 | ... AB5: =IFERROR(VLOOKUP(Carga!AC5,'Lista Mercancías'!$A$2:$B$100,2,FALSE),0) -> 0 | AC5: =IFERROR(VLOOKUP(Carga!AH5,'Lista Mercancías'!$A$2:$B$100,2,FALSE),0) -> 0 | AD5: =IFERROR(VLOOKUP(Carga!AI5,'Lista Mercancías'!$A$2:$B$100,2,FALSE),0) -> 0 | AE5: =IFERROR(VLOOKUP(Carga!AJ5,'Lista Mercancías'!$A$2:$B$100,2,FALSE),0) -> 0 | AF5: =IFERROR(VLOOKUP(Carga!AK5,'Lista Mercancías'!$A$2:$B$100,2,FALSE),0) -> 0
A6: =Caravana!A8 -> Viajeros 5 | B6: =SUM(C6:AF6) -> 4 | C6: =IFERROR(VLOOKUP(Carga!D6,'Lista Mercancías'!$A$2:$B$100,2,FALSE),0) -> 1 | D6: =IFERROR(VLOOKUP(Carga!E6,'Lista Mercancías'!$A$2:$B$100,2,FALSE),0) -> 2 | E6: =IFERROR(VLOOKUP(Carga!F6,'Lista Mercancías'!$A$2:$B$100,2,FALSE),0) -> 1 | F6: =IFERROR(VLOOKUP(Carga!G6,'Lista Mercancías'!$A$2:$B$100,2,FALSE),0) -> 0 | G6: =IFERROR(VLOOKUP(Carga!H6,'Lista Mercancías'!$A$2:$B$100,2,FALSE),0) -> 0 | H6: =IFERROR(VLOOKUP(Carga!I6,'Lista Mercancías'!$A$2:$B$100,2,FALSE),0) -> 0 | I6: =IFERROR(VLOOKUP(Carga!J6,'Lista Mercancías'!$A$2:$B$100,2,FALSE),0) -> 0 | J6: =IFERROR(VLOOKUP(Carga!K6,'Lista Mercancías'!$A$2:$B$100,2,FALSE),0) -> 0 | ... AB6: =IFERROR(VLOOKUP(Carga!AC6,'Lista Mercancías'!$A$2:$B$100,2,FALSE),0) -> 0 | AC6: =IFERROR(VLOOKUP(Carga!AH6,'Lista Mercancías'!$A$2:$B$100,2,FALSE),0) -> 0 | AD6: =IFERROR(VLOOKUP(Carga!AI6,'Lista Mercancías'!$A$2:$B$100,2,FALSE),0) -> 0 | AE6: =IFERROR(VLOOKUP(Carga!AJ6,'Lista Mercancías'!$A$2:$B$100,2,FALSE),0) -> 0 | AF6: =IFERROR(VLOOKUP(Carga!AK6,'Lista Mercancías'!$A$2:$B$100,2,FALSE),0) -> 0
A7: =Caravana!A9 -> Prisioneros | B7: =SUM(C7:AF7) -> 0 | C7: =IFERROR(VLOOKUP(Carga!D7,'Lista Mercancías'!$A$2:$B$100,2,FALSE),0) -> 0 | D7: =IFERROR(VLOOKUP(Carga!E7,'Lista Mercancías'!$A$2:$B$100,2,FALSE),0) -> 0 | E7: =IFERROR(VLOOKUP(Carga!F7,'Lista Mercancías'!$A$2:$B$100,2,FALSE),0) -> 0 | F7: =IFERROR(VLOOKUP(Carga!G7,'Lista Mercancías'!$A$2:$B$100,2,FALSE),0) -> 0 | G7: =IFERROR(VLOOKUP(Carga!H7,'Lista Mercancías'!$A$2:$B$100,2,FALSE),0) -> 0 | H7: =IFERROR(VLOOKUP(Carga!I7,'Lista Mercancías'!$A$2:$B$100,2,FALSE),0) -> 0 | I7: =IFERROR(VLOOKUP(Carga!J7,'Lista Mercancías'!$A$2:$B$100,2,FALSE),0) -> 0 | J7: =IFERROR(VLOOKUP(Carga!K7,'Lista Mercancías'!$A$2:$B$100,2,FALSE),0) -> 0 | ... AB7: =IFERROR(VLOOKUP(Carga!AC7,'Lista Mercancías'!$A$2:$B$100,2,FALSE),0) -> 0 | AC7: =IFERROR(VLOOKUP(Carga!AH7,'Lista Mercancías'!$A$2:$B$100,2,FALSE),0) -> 0 | AD7: =IFERROR(VLOOKUP(Carga!AI7,'Lista Mercancías'!$A$2:$B$100,2,FALSE),0) -> 0 | AE7: =IFERROR(VLOOKUP(Carga!AJ7,'Lista Mercancías'!$A$2:$B$100,2,FALSE),0) -> 0 | AF7: =IFERROR(VLOOKUP(Carga!AK7,'Lista Mercancías'!$A$2:$B$100,2,FALSE),0) -> 0
A8: =Caravana!A10 -> Zoo | B8: =SUM(C8:AF8) -> 0 | C8: =IFERROR(VLOOKUP(Carga!D8,'Lista Mercancías'!$A$2:$B$100,2,FALSE),0) -> 0 | D8: =IFERROR(VLOOKUP(Carga!E8,'Lista Mercancías'!$A$2:$B$100,2,FALSE),0) -> 0 | E8: =IFERROR(VLOOKUP(Carga!F8,'Lista Mercancías'!$A$2:$B$100,2,FALSE),0) -> 0 | F8: =IFERROR(VLOOKUP(Carga!G8,'Lista Mercancías'!$A$2:$B$100,2,FALSE),0) -> 0 | G8: =IFERROR(VLOOKUP(Carga!H8,'Lista Mercancías'!$A$2:$B$100,2,FALSE),0) -> 0 | H8: =IFERROR(VLOOKUP(Carga!I8,'Lista Mercancías'!$A$2:$B$100,2,FALSE),0) -> 0 | I8: =IFERROR(VLOOKUP(Carga!J8,'Lista Mercancías'!$A$2:$B$100,2,FALSE),0) -> 0 | J8: =IFERROR(VLOOKUP(Carga!K8,'Lista Mercancías'!$A$2:$B$100,2,FALSE),0) -> 0 | ... AB8: =IFERROR(VLOOKUP(Carga!AC8,'Lista Mercancías'!$A$2:$B$100,2,FALSE),0) -> 0 | AC8: =IFERROR(VLOOKUP(Carga!AH8,'Lista Mercancías'!$A$2:$B$100,2,FALSE),0) -> 0 | AD8: =IFERROR(VLOOKUP(Carga!AI8,'Lista Mercancías'!$A$2:$B$100,2,FALSE),0) -> 0 | AE8: =IFERROR(VLOOKUP(Carga!AJ8,'Lista Mercancías'!$A$2:$B$100,2,FALSE),0) -> 0 | AF8: =IFERROR(VLOOKUP(Carga!AK8,'Lista Mercancías'!$A$2:$B$100,2,FALSE),0) -> 0
A9: =Caravana!A11 -> Familias Kalsgard | B9: =SUM(C9:AF9) -> 0 | C9: =IFERROR(VLOOKUP(Carga!D9,'Lista Mercancías'!$A$2:$B$100,2,FALSE),0) -> 0 | D9: =IFERROR(VLOOKUP(Carga!E9,'Lista Mercancías'!$A$2:$B$100,2,FALSE),0) -> 0 | E9: =IFERROR(VLOOKUP(Carga!F9,'Lista Mercancías'!$A$2:$B$100,2,FALSE),0) -> 0 | F9: =IFERROR(VLOOKUP(Carga!G9,'Lista Mercancías'!$A$2:$B$100,2,FALSE),0) -> 0 | G9: =IFERROR(VLOOKUP(Carga!H9,'Lista Mercancías'!$A$2:$B$100,2,FALSE),0) -> 0 | H9: =IFERROR(VLOOKUP(Carga!I9,'Lista Mercancías'!$A$2:$B$100,2,FALSE),0) -> 0 | I9: =IFERROR(VLOOKUP(Carga!J9,'Lista Mercancías'!$A$2:$B$100,2,FALSE),0) -> 0 | J9: =IFERROR(VLOOKUP(Carga!K9,'Lista Mercancías'!$A$2:$B$100,2,FALSE),0) -> 0 | ... AB9: =IFERROR(VLOOKUP(Carga!AC9,'Lista Mercancías'!$A$2:$B$100,2,FALSE),0) -> 0 | AC9: =IFERROR(VLOOKUP(Carga!AH9,'Lista Mercancías'!$A$2:$B$100,2,FALSE),0) -> 0 | AD9: =IFERROR(VLOOKUP(Carga!AI9,'Lista Mercancías'!$A$2:$B$100,2,FALSE),0) -> 0 | AE9: =IFERROR(VLOOKUP(Carga!AJ9,'Lista Mercancías'!$A$2:$B$100,2,FALSE),0) -> 0 | AF9: =IFERROR(VLOOKUP(Carga!AK9,'Lista Mercancías'!$A$2:$B$100,2,FALSE),0) -> 0
A10: =Caravana!A12 -> Mercancías Hierro | B10: =SUM(C10:AF10) -> 12 | C10: =IFERROR(VLOOKUP(Carga!D10,'Lista Mercancías'!$A$2:$B$100,2,FALSE),0) -> 1 | D10: =IFERROR(VLOOKUP(Carga!E10,'Lista Mercancías'!$A$2:$B$100,2,FALSE),0) -> 1 | E10: =IFERROR(VLOOKUP(Carga!F10,'Lista Mercancías'!$A$2:$B$100,2,FALSE),0) -> 1 | F10: =IFERROR(VLOOKUP(Carga!G10,'Lista Mercancías'!$A$2:$B$100,2,FALSE),0) -> 1 | G10: =IFERROR(VLOOKUP(Carga!H10,'Lista Mercancías'!$A$2:$B$100,2,FALSE),0) -> 1 | H10: =IFERROR(VLOOKUP(Carga!I10,'Lista Mercancías'!$A$2:$B$100,2,FALSE),0) -> 1 | I10: =IFERROR(VLOOKUP(Carga!J10,'Lista Mercancías'!$A$2:$B$100,2,FALSE),0) -> 1 | J10: =IFERROR(VLOOKUP(Carga!K10,'Lista Mercancías'!$A$2:$B$100,2,FALSE),0) -> 1 | ... AB10: =IFERROR(VLOOKUP(Carga!AC10,'Lista Mercancías'!$A$2:$B$100,2,FALSE),0) -> 0 | AC10: =IFERROR(VLOOKUP(Carga!AH10,'Lista Mercancías'!$A$2:$B$100,2,FALSE),0) -> 0 | AD10: =IFERROR(VLOOKUP(Carga!AI10,'Lista Mercancías'!$A$2:$B$100,2,FALSE),0) -> 0 | AE10: =IFERROR(VLOOKUP(Carga!AJ10,'Lista Mercancías'!$A$2:$B$100,2,FALSE),0) -> 0 | AF10: =IFERROR(VLOOKUP(Carga!AK10,'Lista Mercancías'!$A$2:$B$100,2,FALSE),0) -> 0
A11: =Caravana!A13 -> Mercancías General | B11: =SUM(C11:AF11) -> 13 | C11: =IFERROR(VLOOKUP(Carga!D11,'Lista Mercancías'!$A$2:$B$100,2,FALSE),0) -> 1 | D11: =IFERROR(VLOOKUP(Carga!E11,'Lista Mercancías'!$A$2:$B$100,2,FALSE),0) -> 1 | E11: =IFERROR(VLOOKUP(Carga!F11,'Lista Mercancías'!$A$2:$B$100,2,FALSE),0) -> 1 | F11: =IFERROR(VLOOKUP(Carga!G11,'Lista Mercancías'!$A$2:$B$100,2,FALSE),0) -> 1 | G11: =IFERROR(VLOOKUP(Carga!H11,'Lista Mercancías'!$A$2:$B$100,2,FALSE),0) -> 1 | H11: =IFERROR(VLOOKUP(Carga!I11,'Lista Mercancías'!$A$2:$B$100,2,FALSE),0) -> 1 | I11: =IFERROR(VLOOKUP(Carga!J11,'Lista Mercancías'!$A$2:$B$100,2,FALSE),0) -> 1 | J11: =IFERROR(VLOOKUP(Carga!K11,'Lista Mercancías'!$A$2:$B$100,2,FALSE),0) -> 1 | ... AB11: =IFERROR(VLOOKUP(Carga!AC11,'Lista Mercancías'!$A$2:$B$100,2,FALSE),0) -> 0 | AC11: =IFERROR(VLOOKUP(Carga!AH11,'Lista Mercancías'!$A$2:$B$100,2,FALSE),0) -> 0 | AD11: =IFERROR(VLOOKUP(Carga!AI11,'Lista Mercancías'!$A$2:$B$100,2,FALSE),0) -> 0 | AE11: =IFERROR(VLOOKUP(Carga!AJ11,'Lista Mercancías'!$A$2:$B$100,2,FALSE),0) -> 0 | AF11: =IFERROR(VLOOKUP(Carga!AK11,'Lista Mercancías'!$A$2:$B$100,2,FALSE),0) -> 0
A12: =Caravana!A14 -> Mercancías Punta Arena | B12: =SUM(C12:AF12) -> 13 | C12: =IFERROR(VLOOKUP(Carga!D12,'Lista Mercancías'!$A$2:$B$100,2,FALSE),0) -> 1 | D12: =IFERROR(VLOOKUP(Carga!E12,'Lista Mercancías'!$A$2:$B$100,2,FALSE),0) -> 1 | E12: =IFERROR(VLOOKUP(Carga!F12,'Lista Mercancías'!$A$2:$B$100,2,FALSE),0) -> 1 | F12: =IFERROR(VLOOKUP(Carga!G12,'Lista Mercancías'!$A$2:$B$100,2,FALSE),0) -> 1 | G12: =IFERROR(VLOOKUP(Carga!H12,'Lista Mercancías'!$A$2:$B$100,2,FALSE),0) -> 1 | H12: =IFERROR(VLOOKUP(Carga!I12,'Lista Mercancías'!$A$2:$B$100,2,FALSE),0) -> 1 | I12: =IFERROR(VLOOKUP(Carga!J12,'Lista Mercancías'!$A$2:$B$100,2,FALSE),0) -> 1 | J12: =IFERROR(VLOOKUP(Carga!K12,'Lista Mercancías'!$A$2:$B$100,2,FALSE),0) -> 1 | ... AB12: =IFERROR(VLOOKUP(Carga!AC12,'Lista Mercancías'!$A$2:$B$100,2,FALSE),0) -> 0 | AC12: =IFERROR(VLOOKUP(Carga!AH12,'Lista Mercancías'!$A$2:$B$100,2,FALSE),0) -> 0 | AD12: =IFERROR(VLOOKUP(Carga!AI12,'Lista Mercancías'!$A$2:$B$100,2,FALSE),0) -> 0 | AE12: =IFERROR(VLOOKUP(Carga!AJ12,'Lista Mercancías'!$A$2:$B$100,2,FALSE),0) -> 0 | AF12: =IFERROR(VLOOKUP(Carga!AK12,'Lista Mercancías'!$A$2:$B$100,2,FALSE),0) -> 0
A13: =Caravana!A15 -> Mercancías Kalsgard | B13: =SUM(C13:AF13) -> 26 | C13: =IFERROR(VLOOKUP(Carga!D13,'Lista Mercancías'!$A$2:$B$100,2,FALSE),0) -> 1 | D13: =IFERROR(VLOOKUP(Carga!E13,'Lista Mercancías'!$A$2:$B$100,2,FALSE),0) -> 1 | E13: =IFERROR(VLOOKUP(Carga!F13,'Lista Mercancías'!$A$2:$B$100,2,FALSE),0) -> 1 | F13: =IFERROR(VLOOKUP(Carga!G13,'Lista Mercancías'!$A$2:$B$100,2,FALSE),0) -> 1 | G13: =IFERROR(VLOOKUP(Carga!H13,'Lista Mercancías'!$A$2:$B$100,2,FALSE),0) -> 1 | H13: =IFERROR(VLOOKUP(Carga!I13,'Lista Mercancías'!$A$2:$B$100,2,FALSE),0) -> 1 | I13: =IFERROR(VLOOKUP(Carga!J13,'Lista Mercancías'!$A$2:$B$100,2,FALSE),0) -> 1 | J13: =IFERROR(VLOOKUP(Carga!K13,'Lista Mercancías'!$A$2:$B$100,2,FALSE),0) -> 1 | ... AB13: =IFERROR(VLOOKUP(Carga!AC13,'Lista Mercancías'!$A$2:$B$100,2,FALSE),0) -> 1 | AC13: =IFERROR(VLOOKUP(Carga!AH13,'Lista Mercancías'!$A$2:$B$100,2,FALSE),0) -> 0 | AD13: =IFERROR(VLOOKUP(Carga!AI13,'Lista Mercancías'!$A$2:$B$100,2,FALSE),0) -> 0 | AE13: =IFERROR(VLOOKUP(Carga!AJ13,'Lista Mercancías'!$A$2:$B$100,2,FALSE),0) -> 0 | AF13: =IFERROR(VLOOKUP(Carga!AK13,'Lista Mercancías'!$A$2:$B$100,2,FALSE),0) -> 0
... A32: =Caravana!A34 | B32: =SUM(C32:AF32) -> 0 | C32: =IFERROR(VLOOKUP(Carga!D32,'Lista Mercancías'!$A$2:$B$100,2,FALSE),0) -> 0 | D32: =IFERROR(VLOOKUP(Carga!E32,'Lista Mercancías'!$A$2:$B$100,2,FALSE),0) -> 0 | E32: =IFERROR(VLOOKUP(Carga!F32,'Lista Mercancías'!$A$2:$B$100,2,FALSE),0) -> 0 | F32: =IFERROR(VLOOKUP(Carga!G32,'Lista Mercancías'!$A$2:$B$100,2,FALSE),0) -> 0 | G32: =IFERROR(VLOOKUP(Carga!H32,'Lista Mercancías'!$A$2:$B$100,2,FALSE),0) -> 0 | H32: =IFERROR(VLOOKUP(Carga!I32,'Lista Mercancías'!$A$2:$B$100,2,FALSE),0) -> 0 | I32: =IFERROR(VLOOKUP(Carga!J32,'Lista Mercancías'!$A$2:$B$100,2,FALSE),0) -> 0 | J32: =IFERROR(VLOOKUP(Carga!K32,'Lista Mercancías'!$A$2:$B$100,2,FALSE),0) -> 0 | ... AB32: =IFERROR(VLOOKUP(Carga!AC32,'Lista Mercancías'!$A$2:$B$100,2,FALSE),0) -> 0 | AC32: =IFERROR(VLOOKUP(Carga!AH32,'Lista Mercancías'!$A$2:$B$100,2,FALSE),0) -> 0 | AD32: =IFERROR(VLOOKUP(Carga!AI32,'Lista Mercancías'!$A$2:$B$100,2,FALSE),0) -> 0 | AE32: =IFERROR(VLOOKUP(Carga!AJ32,'Lista Mercancías'!$A$2:$B$100,2,FALSE),0) -> 0 | AF32: =IFERROR(VLOOKUP(Carga!AK32,'Lista Mercancías'!$A$2:$B$100,2,FALSE),0) -> 0
